Issuer Name,Ticker,BICS Level 2,BICS Level 1,Mod Dur (Mid),Cntry of Risk,Amt Out,Cpn,Maturity,Series,BBG Composite,Mty Type,Currency,ISIN,TTM,YLD_02012026,YLD_06022026,YLD_06032026,YLD_09012026,YLD_13022026,YLD_13032026,YLD_16012026,Yield,YLD_20022026,YLD_23012026,YLD_27022026,YLD_30012026,Rating_Num,Swap_Rate,Spread_bps
Telecom Italia Finance SA,TITIM,Wireline Telecommunications Services,Communications,5.441286029819502,IT,710622143.0,7.75,2033-01-24,EMTN,BB,AT MATURITY,EUR,XS0161100515,6.85284052019165,3.737,3.66,3.767,3.696,3.687,3.94,3.693,3.9701906189675857,3.651,3.692,3.614,3.69,12,2.594110198494182,137.60804204734035
American Honda Finance Corp,HNDA,Automobiles Manufacturing,Consumer Discretionary,5.063475395762897,US,811725000.0,3.95,2032-03-19,EMTN,A-,AT MATURITY,EUR,XS3032019476,6.00136892539357,3.615,3.389,3.618,3.564,3.383,3.848,3.552,3.833515315197897,3.398,3.555,3.393,3.41,7,2.5311013004791243,130.24140147187725
Bayer AG,BAYNGR,Pharmaceuticals,Health Care,0.1581124232560655,DE,465360000.0,2.5540000000000003,2027-08-14,EMTN,BBB,AT MATURITY,EUR,XS3149166541,1.40451745379877,2.389,2.328,2.401,2.37,2.358,2.516,2.383,2.514886018557492,2.364,2.381,2.352,2.365,9,2.1499794661190967,36.49065524383954
General Motors Financial Co Inc,GM,Automobiles Manufacturing,Consumer Discretionary,3.0968770788440976,US,694320000.0,3.1,2029-08-04,EMTn,BBB,AT MATURITY,EUR,XS3140075816,3.37850787132101,3.075,2.938,3.244,3.005,2.899,3.454,3.008,3.4205317499203294,2.916,3.03,2.888,2.929,9,2.3166872005475696,110.38445493727598
Volkswagen Financial Services AG,VW,Automobiles Manufacturing,Consumer Discretionary,3.9854486982835513,DE,806550000.0,3.875,2030-09-10,#N/A Field Not Applicable,BBB+,AT MATURITY,EUR,XS2837886287,4.47912388774812,3.308,3.138,3.359,3.247,3.132,3.544,3.188,3.527123550063992,3.133,3.166,3.067,3.072,8,2.4112881587953456,111.58353912686465
Ford Motor Credit Co LLC,F,Automobiles Manufacturing,Consumer Discretionary,3.5176976096228003,US,1073100000.0,4.445,2030-02-14,EMTN,BB+,AT MATURITY,EUR,XS2767246908,3.90965092402464,3.829,3.575,3.881,3.7,3.537,4.222,3.607,4.19831432144302,3.476,3.641,3.459,3.571,11,2.3639589322381926,183.4355389204827
BMW International Investment BV,BMW,Automobiles Manufacturing,Consumer Discretionary,3.0712153994014546,DE,1041700000.0,3.125,2029-07-22,EMTN,A,AT MATURITY,EUR,XS2982332400,3.3429158110883,2.9,2.709,2.995,2.856,2.701,3.152,2.826,3.1204097737810947,2.731,2.837,2.68,2.724,6,2.3135195071868586,80.68902665942362
BMW International Investment BV,BMW,Automobiles Manufacturing,Consumer Discretionary,5.785436502432659,DE,923865000.0,3.5,2032-11-17,EMTN,A,AT MATURITY,EUR,XS2823825802,6.66666666666667,3.46,3.259,3.446,3.381,3.231,3.626,3.323,3.611038743373596,3.241,3.376,3.179,3.263,6,2.580333333333334,103.07054100402624
Petroleos Mexicanos,PEMEX,Integrated Oils,Energy,2.6850196068823635,MX,1466500000.0,4.75,2029-02-26,#N/A Field Not Applicable,BB,AT MATURITY,EUR,XS1824424706,2.94318959616701,4.506,4.376,4.459,4.548,4.27,4.713,4.528,4.703704418896209,4.278,4.475,4.285,4.423,12,2.278171115674196,242.55333032220133
Ford Motor Credit Co LLC,F,Automobiles Manufacturing,Consumer Discretionary,3.889641986034519,US,784725000.0,4.066,2030-08-21,EMTN,BB+,AT MATURITY,EUR,XS3006514536,4.42436687200548,3.881,3.611,3.906,3.8,3.636,4.169,3.683,4.1455317496922985,3.563,3.723,3.527,3.64,11,2.4067980835044493,173.87336661878493
Volkswagen Financial Services AG,VW,Automobiles Manufacturing,Consumer Discretionary,1.8964784558595131,DE,864160000.0,3.375,2028-04-06,EMTN,BBB+,AT MATURITY,EUR,XS2152061904,2.05065023956194,2.909,2.696,2.936,2.827,2.662,3.148,2.754,3.115321823389273,2.663,2.762,2.618,2.68,8,2.202305270362765,91.3016553026508
Volkswagen Financial Services AG,VW,Automobiles Manufacturing,Consumer Discretionary,1.8095305844344212,DE,1121900000.0,0.875,2028-01-31,EMTN,BBB+,AT MATURITY,EUR,XS2438616240,1.86995208761123,2.85,2.663,2.932,2.767,2.612,3.113,2.729,3.071555937696281,2.632,2.741,2.613,2.651,8,2.1875961670088984,88.39597706873828
American Honda Finance Corp,HNDA,Automobiles Manufacturing,Consumer Discretionary,2.7296077667044125,US,703495000.0,3.3,2029-03-21,EMTN,A-,AT MATURITY,EUR,XS3032018239,3.00616016427105,2.968,2.779,3.181,2.914,2.772,3.351,2.91,3.329117538954983,2.815,2.888,2.819,2.789,7,2.2835482546201233,104.55692843348596
BMW International Investment BV,BMW,Automobiles Manufacturing,Consumer Discretionary,5.952179648242992,DE,781275000.0,3.5,2033-01-22,EMTN,A,AT MATURITY,EUR,XS2982332319,6.84736481861739,3.493,3.292,3.547,3.41,3.284,3.736,3.376,3.707117790945896,3.304,3.402,3.259,3.276,6,2.593704996577687,111.34127943682093
PSA Tresorerie GIE,PEUGOT,Automobiles Manufacturing,Consumer Discretionary,5.896587808983791,FR,682320000.0,6.0,2033-09-19,#N/A Field Not Applicable,BBB-,AT MATURITY,EUR,FR0010014845,7.50444900752909,4.015,3.939,4.364,4.027,4.065,4.563,4.016,4.513362520800691,4.042,3.968,4.048,3.764,10,2.6408158795345655,187.25466412661257
Volkswagen Financial Services AG,VW,Automobiles Manufacturing,Consumer Discretionary,4.9521637344738805,DE,687700000.0,3.875,2031-11-19,#N/A Field Not Applicable,BBB+,AT MATURITY,EUR,XS2941605235,5.67008898015058,3.716,3.411,3.635,3.621,3.401,3.855,3.578,3.8357079769306455,3.411,3.555,3.353,3.441,8,2.5055968514715947,133.01111254590506
Volkswagen Financial Services AG,VW,Automobiles Manufacturing,Consumer Discretionary,1.1078709858331424,DE,1058000000.0,3.25,2027-05-19,#N/A Field Not Applicable,BBB+,AT MATURITY,EUR,XS2941360963,1.16632443531828,2.709,2.528,2.704,2.657,2.501,2.798,2.645,2.7672538078188267,2.503,2.608,2.51,2.541,8,2.1410164271047227,62.62373807141039
BP Capital Markets BV,BPLN,Integrated Oils,Energy,4.851447066509827,US,883680000.0,3.36,2031-09-12,EMTn,A,AT MATURITY,EUR,XS2902720171,5.4839151266256,3.256,3.081,3.309,3.212,3.039,3.48,3.201,3.458491583292991,3.06,3.213,3.043,3.097,6,2.4912614647501714,96.72301185428194
Volkswagen Leasing GmbH,VW,Automobiles Manufacturing,Consumer Discretionary,4.725817896427028,DE,741230000.0,4.75,2031-09-25,EMTN,A-,AT MATURITY,EUR,XS2694874533,5.51950718685832,3.471,3.286,3.508,3.415,3.259,3.75,3.417,3.728327139459844,3.254,3.45,3.231,3.297,7,2.494002053388091,123.4325086071753
BMW International Investment BV,BMW,Automobiles Manufacturing,Consumer Discretionary,4.016654587582801,DE,837450000.0,3.125,2030-08-27,EMTN,A,AT MATURITY,EUR,XS2887901598,4.44079397672827,3.053,2.932,3.134,2.987,2.874,3.306,2.998,3.2849659467773225,2.892,3.057,2.827,2.948,6,2.4081451060917183,87.68208406856041
Eni SpA,ENIIM,Integrated Oils,Energy,1.8055681362081064,IT,2133600000.0,4.3,2028-02-10,#N/A Field Not Applicable,A-,AT MATURITY,EUR,IT0005521171,1.89733059548255,2.55,2.547,2.83,2.569,2.523,3.076,2.57,3.048842231128379,2.549,2.58,2.521,2.558,7,2.1897864476386038,85.90557834897754
Petroleos Mexicanos,PEMEX,Integrated Oils,Energy,1.8095312679611413,MX,441874788.8,4.875,2028-02-21,EMTN,BB,AT MATURITY,EUR,XS1568888777,1.927446954141,3.88,3.837,3.921,3.929,3.751,4.188,3.945,4.18794435598706,3.707,3.935,3.722,3.905,12,2.19219575633128,199.574859965578
BMW Finance NV,BMW,Automobiles Manufacturing,Consumer Discretionary,7.198634540257332,DE,844275000.0,3.75,2034-11-20,EMTN,A,AT MATURITY,EUR,XS3075490261,8.6735112936345,3.663,3.494,3.64,3.581,3.45,3.842,3.563,3.83723087519902,3.445,3.634,3.373,3.526,6,2.719104722792608,111.81261524064116
BMW Finance NV,BMW,Automobiles Manufacturing,Consumer Discretionary,2.7620896659921894,DE,1706400000.0,1.5,2029-02-06,EMTN,A,AT MATURITY,EUR,XS1948611840,2.88843258042437,2.681,2.585,2.873,2.606,2.562,3.057,2.605,3.009757943883236,2.575,2.703,2.541,2.593,6,2.273516769336071,73.62411745471648
Mercedes-Benz International Finance BV,MBGGR,Automobiles Manufacturing,Consumer Discretionary,4.221300542227916,DE,1250280000.0,3.25,2030-11-15,EMTN,A,AT MATURITY,EUR,DE000A382988,4.65982203969884,3.063,2.875,3.09,2.999,2.863,3.27,2.985,3.240137137869337,2.864,3.011,2.799,2.901,6,2.4261054072553048,81.40317306140324
Volkswagen Leasing GmbH,VW,Automobiles Manufacturing,Consumer Discretionary,4.365215891807637,DE,821325000.0,4.0,2031-04-11,EMTN,A-,AT MATURITY,EUR,XS2745726047,5.06228610540726,3.427,3.228,3.422,3.336,3.206,3.644,3.283,3.6313049890815825,3.203,3.319,3.134,3.191,7,2.458796030116359,117.25089589652234
Petroleos Mexicanos,PEMEX,Integrated Oils,Energy,1.0267477701405725,MX,752778924.6,2.75,2027-04-21,EMTN,BB,AT MATURITY,EUR,XS1172951508,1.08966461327858,3.695,3.636,3.577,3.722,3.545,3.832,3.793,3.833876758279757,3.478,3.743,3.509,3.75,12,2.144696098562628,168.91806597171288
Volkswagen Leasing GmbH,VW,Automobiles Manufacturing,Consumer Discretionary,0.3368630308598468,DE,1221100000.0,0.375,2026-07-20,EMTN,A-,AT MATURITY,EUR,XS2343822842,0.336755646817248,2.522,2.385,2.453,2.425,2.384,2.528,2.393,2.5017200472914336,2.381,2.39,2.362,2.374,7,2.0982464065708415,40.34736407205921
Toyota Finance Australia Ltd,TOYOTA,Automobiles Manufacturing,Consumer Discretionary,2.6695761047519326,AU,872925000.0,2.676,2029-01-16,EMTN,A+,AT MATURITY,EUR,XS3114269155,2.83093771389459,2.856,2.699,2.874,2.774,2.676,3.134,2.736,3.190461497174906,2.699,2.724,2.675,2.697,5,2.26862970568104,92.1831791493866
Anheuser-Busch InBev SA/NV,ABIBB,Food & Beverage,Consumer Staples,1.9222802342420824,BE,3279766449.0,2.0,2028-03-17,EMTN,A-,AT MATURITY,EUR,BE6285455497,1.9958932238193,2.55,2.487,2.68,2.466,2.38,2.889,2.469,2.8720016444393255,2.453,2.395,2.485,2.481,7,2.197671457905544,67.43301865337816
Volkswagen Financial Services AG,VW,Automobiles Manufacturing,Consumer Discretionary,2.867091494309259,DE,1163800000.0,3.625,2029-05-19,#N/A Field Not Applicable,BBB+,AT MATURITY,EUR,XS2941605078,3.16769336071184,3.201,2.968,3.277,3.107,2.981,3.473,3.062,3.4366507321393502,3.01,3.103,2.967,2.958,8,2.2979247091033534,113.87260230359968
BMW Finance NV,BMW,Automobiles Manufacturing,Consumer Discretionary,4.56419515163504,DE,844275000.0,3.25,2031-05-20,EMTN,A,AT MATURITY,EUR,XS3075490188,5.16906228610541,3.212,2.997,3.243,3.157,2.993,3.399,3.121,3.3712364527831946,3.029,3.119,2.953,2.993,6,2.4670177960301167,90.42186567530779
Volkswagen Leasing GmbH,VW,Automobiles Manufacturing,Consumer Discretionary,0.558939628310475,DE,930835000.0,3.625,2026-10-11,EMTN,A-,AT MATURITY,EUR,XS2745344601,0.563997262149213,2.458,2.358,2.486,2.435,2.345,2.6,2.407,2.5816969107054595,2.354,2.384,2.354,2.355,7,2.1146078028747435,46.7089107830716
Volkswagen Financial Services AG,VW,Automobiles Manufacturing,Consumer Discretionary,3.754790334538215,DE,880350000.0,0.375,2030-02-12,EMTN,BBB+,AT MATURITY,EUR,XS2374594823,3.90417522245038,3.212,2.995,3.235,3.124,2.999,3.432,3.07,3.411584647297994,2.989,3.079,2.937,2.979,8,2.3634715947980838,104.81130524999101
BMW International Investment BV,BMW,Automobiles Manufacturing,Consumer Discretionary,7.058850512110291,DE,837450000.0,3.375,2034-08-27,EMTN,A,AT MATURITY,EUR,XS2887901911,8.44079397672827,3.699,3.453,3.642,3.6,3.446,3.862,3.559,3.845349331667927,3.442,3.594,3.377,3.462,6,2.7042108145106094,114.11385171573176
Volkswagen International Finance NV,VW,Automobiles Manufacturing,Consumer Discretionary,9.492272495284295,DE,1426500000.0,4.125,2038-11-16,#N/A Field Not Applicable,BBB+,AT MATURITY,EUR,XS1910948675,12.662559890486,4.356,4.11,4.298,4.253,4.085,4.531,4.173,4.52193506274775,4.066,4.209,4.055,4.127,8,2.9291772758384678,159.27577869092823
ORLEN SA,PKNPW,Integrated Oils,Energy,5.387435979409208,PL,707340000.0,3.625,2032-07-02,GMTN,BBB+,AT MATURITY,EUR,XS3104553931,6.28884325804244,3.647,3.565,3.689,3.6,3.551,3.814,3.577,3.8080389000063826,3.563,3.574,3.522,3.548,8,2.5523744010951406,125.5664498911242
CEZ AS,CEZCP,Power Generation,Utilities,4.7372147764548815,CZ,888080000.0,4.125,2031-09-05,emtn,BBB+,AT MATURITY,EUR,XS2894908768,5.46475017111567,3.604,3.428,3.55,3.554,3.373,3.684,3.541,3.6920159575937097,3.363,3.529,3.286,3.439,8,2.489785763175907,120.22301944178028
Mercedes-Benz International Finance BV,MBGGR,Automobiles Manufacturing,Consumer Discretionary,0.1990231884836104,DE,1072100000.0,3.5,2026-05-30,EMTN,A,AT MATURITY,EUR,DE000A3LH6T7,0.197125256673511,2.308,2.205,2.301,2.25,2.234,2.431,2.238,2.454014534756688,2.21,2.22,2.211,2.199,6,2.0881930184804918,36.58215162761964
Telecom Italia SpA/Milano,TITIM,Wireline Telecommunications Services,Communications,0.1852049695704401,IT,756576852.3,3.625,2026-05-25,EMTN,BB,AT MATURITY,EUR,XS1419869885,0.183436002737851,2.044,2.459,2.89,2.008,2.064,3.346,2.182,3.1776091946070406,1.95,2.04,1.979,2.202,12,2.0872073921971244,109.04018024099162
BMW Finance NV,BMW,Automobiles Manufacturing,Consumer Discretionary,3.9191007346233295,DE,540500000.0,3.25,2030-07-22,EMTN,A,AT MATURITY,EUR,XS2625968347,4.34223134839151,2.831,2.601,2.866,2.756,2.581,3.15,2.702,3.1169946796432693,2.591,2.739,2.53,2.641,6,2.400062970568104,71.69317090751655
Eni SpA,ENIIM,Integrated Oils,Energy,5.923186663513658,IT,1352625000.0,4.25,2033-05-19,EMTN,A-,AT MATURITY,EUR,XS2623956773,7.16769336071184,3.579,3.43,3.513,3.486,3.373,3.68,3.467,3.6694724244726946,3.362,3.502,3.311,3.424,7,2.6169062286105405,105.25661958621542
Volkswagen Leasing GmbH,VW,Automobiles Manufacturing,Consumer Discretionary,0.019168759005201583,DE,847120000.0,4.5,2026-03-25,EMTN,A-,AT MATURITY,EUR,XS2694872081,0.0164271047227926,2.47,2.249,2.399,2.339,2.391,2.299,2.269,2.5360927667896767,2.263,2.243,2.946,2.231,7,2.07518275154004,46.09100152496368
Volkswagen Leasing GmbH,VW,Automobiles Manufacturing,Consumer Discretionary,0.2533531323421214,DE,728975000.0,1.5,2026-06-19,EMTN,A-,AT MATURITY,EUR,XS2014291616,0.251882272416153,2.533,2.313,2.25,2.414,2.447,2.229,2.312,2.232876235385512,2.149,2.306,2.097,2.296,7,2.0921355236139623,14.074071177154979
Teva Pharmaceutical Finance Netherlands II BV,TEVA,Pharmaceuticals,Health Care,2.43759828597839,IL,824025000.0,1.625,2028-10-15,#N/A Field Not Applicable,BB+,AT MATURITY,EUR,XS1439749364,2.57631759069131,2.96,2.828,3.184,2.813,2.844,3.67,2.767,3.739200119466484,2.839,2.792,2.854,2.82,11,2.2469869952087613,149.22131242577228
Volkswagen Leasing GmbH,VW,Automobiles Manufacturing,Consumer Discretionary,2.382121013489756,DE,1259365000.0,3.875,2028-10-11,EMTN,A-,AT MATURITY,EUR,XS2745725155,2.56536618754278,2.966,2.801,3.035,2.89,2.801,3.205,2.842,3.17543867675468,2.782,2.858,2.735,2.775,7,2.246056125941136,92.9382550813544
Volkswagen Financial Services AG,VW,Automobiles Manufacturing,Consumer Discretionary,0.5720891453277052,DE,868950000.0,2.25,2026-10-16,EMTN,BBB+,AT MATURITY,EUR,XS1893631769,0.577686516084873,2.471,2.376,2.472,2.447,2.364,2.634,2.423,2.62812208505437,2.376,2.398,2.367,2.365,8,2.115593429158111,51.25286558962592
Mercedes-Benz International Finance BV,MBGGR,Automobiles Manufacturing,Consumer Discretionary,4.545964133059698,DE,1072100000.0,3.7,2031-05-30,EMTN,A,AT MATURITY,EUR,DE000A3LH6U5,5.19644079397673,3.073,2.92,3.163,3.012,2.913,3.312,3.018,3.298500274344805,2.916,3.047,2.87,2.938,6,2.4691259411362085,82.93743332085964
Ford Motor Credit Co LLC,F,Automobiles Manufacturing,Consumer Discretionary,2.176244983148216,US,1172200000.0,3.622,2028-07-27,EMTN,BB+,AT MATURITY,EUR,XS3106098463,2.35728952772074,3.304,3.055,3.512,3.218,3.108,3.645,3.129,3.6303768130518455,3.093,3.115,3.091,3.03,11,2.2283696098562626,140.2007203195583
Mercedes-Benz International Finance BV,MBGGR,Automobiles Manufacturing,Consumer Discretionary,5.182792603254961,DE,932195000.0,3.25,2032-01-10,EMTN,A,AT MATURITY,EUR,DE000A3LSYH6,5.81245722108145,3.214,3.084,3.302,3.166,3.078,3.456,3.16,3.437471882622622,3.083,3.189,3.0,3.087,6,2.5165592060232718,92.09126765993503
Volkswagen International Finance NV,VW,Automobiles Manufacturing,Consumer Discretionary,0.030117031099685748,DE,1082800000.0,3.875,2026-03-29,EMTN,BBB+,AT MATURITY,EUR,XS2604697891,0.027378507871321,2.467,2.249,2.217,2.364,2.808,2.18,2.252,2.198589588700945,2.159,2.247,2.207,2.228,8,2.0759712525667338,12.261833613421125
Toyota Motor Finance Netherlands BV,TOYOTA,Automobiles Manufacturing,Consumer Discretionary,0.174295736894797,JP,583000000.0,2.376,2027-08-20,EMTN,A+,AT MATURITY,EUR,XS3155732541,1.42094455852156,2.387,2.405,2.472,2.365,2.355,2.57,2.396,2.5116838833576107,2.39,2.443,2.443,2.44,5,2.151359342915811,36.032454044179964
Volkswagen International Finance NV,VW,Automobiles Manufacturing,Consumer Discretionary,4.212876213612313,DE,1141200000.0,3.25,2030-11-18,#N/A Field Not Applicable,BBB+,AT MATURITY,EUR,XS1910948329,4.66803559206023,3.356,3.117,3.408,3.293,3.115,3.606,3.261,3.5770797278890254,3.135,3.233,3.099,3.117,8,2.426778918548939,115.03008093400867
Volkswagen Financial Services AG,VW,Automobiles Manufacturing,Consumer Discretionary,0.8861504588816838,DE,1173800000.0,0.125,2027-02-12,EMTN,BBB+,AT MATURITY,EUR,XS2374595044,0.903490759753593,2.658,2.449,2.523,2.583,2.436,2.584,2.522,2.5757511386850203,2.435,2.474,2.423,2.424,8,2.1360513347022585,43.96998039827618
Ford Motor Credit Co LLC,F,Automobiles Manufacturing,Consumer Discretionary,1.2868374538811704,US,1071800000.0,4.867,2027-08-03,#N/A Field Not Applicable,BB+,AT MATURITY,EUR,XS2586123965,1.37440109514031,2.897,2.703,3.145,2.848,2.743,3.516,2.769,3.5279545400594694,2.774,2.789,2.814,2.704,11,2.147449691991786,138.05048480676834
Volkswagen International Finance NV,VW,Automobiles Manufacturing,Consumer Discretionary,0.9867621650851,DE,2676000000.0,1.875,2027-03-30,10Y,BBB+,AT MATURITY,EUR,XS1586555945,1.02943189596167,2.686,2.493,2.678,2.63,2.482,2.811,2.601,2.7916673677371704,2.518,2.579,2.514,2.5,8,2.14758726899384,64.40800987433306
Volkswagen Financial Services AG,VW,Automobiles Manufacturing,Consumer Discretionary,0.2322651560246069,DE,752780000.0,2.829,2027-06-10,emTN,BBB+,AT MATURITY,EUR,XS2837886105,1.22655715263518,2.616,2.544,2.617,2.607,2.556,2.762,2.603,2.7573905106826584,2.583,2.595,2.579,2.585,8,2.1381252566735114,61.9265254009147
NTT Finance Corp,NTT,Wireline Telecommunications Services,Communications,0.08056381870978467,JP,1745850000.0,2.516,2027-07-16,REGS,A-,AT MATURITY,EUR,XS3100079865,1.32511978097194,2.326,2.292,2.367,2.31,2.295,2.498,2.322,2.499623837240456,2.329,2.329,2.316,2.322,7,2.143310061601643,35.63137756388129
Eni SpA,ENIIM,Integrated Oils,Energy,2.402765197864063,IT,670620000.0,1.125,2028-09-19,EMTN,A-,AT MATURITY,EUR,XS1493328477,2.50513347022587,2.634,2.592,2.738,2.643,2.577,2.894,2.643,2.9078245568365544,2.612,2.595,2.612,2.567,7,2.240936344969199,66.68882118673554
Stellantis NV,STLA,Automobiles Manufacturing,Consumer Discretionary,2.4844677437266567,US,793500000.0,3.375,2028-11-19,EMTN,BBB-,AT MATURITY,EUR,XS2937307929,2.67214236824093,3.146,2.95,3.296,3.074,2.972,3.74,2.834,3.708369118443291,3.006,2.899,2.986,2.853,10,2.255132101300479,145.3237017142812
BMW Finance NV,BMW,Automobiles Manufacturing,Consumer Discretionary,2.0852381399178843,DE,850050000.0,1.0,2028-05-22,EMTN,A,AT MATURITY,EUR,XS2447564332,2.17659137577002,2.667,2.511,2.83,2.589,2.518,3.021,2.569,2.986594791072334,2.513,2.6,2.462,2.525,6,2.2130102669404517,77.35845241318825
Volkswagen International Finance NV,VW,Automobiles Manufacturing,Consumer Discretionary,3.6412337271588657,DE,778875000.0,4.375,2030-05-15,EMTN,BBB+,AT MATURITY,EUR,XS2554489513,4.15605749486653,3.342,3.08,3.303,3.249,3.06,3.462,3.194,3.4377082732153217,3.072,3.196,3.004,3.086,8,2.384796714579055,105.29115586362666
Volkswagen International Finance NV,VW,Automobiles Manufacturing,Consumer Discretionary,2.413127071128028,DE,1460125000.0,0.875,2028-09-22,EMTN,BBB+,AT MATURITY,EUR,XS2234567233,2.51334702258727,2.888,2.723,2.966,2.815,2.687,3.146,2.811,3.1097546361608708,2.68,2.821,2.63,2.714,8,2.241634496919918,86.81201392409528
Volkswagen Leasing GmbH,VW,Automobiles Manufacturing,Consumer Discretionary,2.720154099523636,DE,913125000.0,0.5,2029-01-12,EMTN,A-,AT MATURITY,EUR,XS2282095970,2.81998631074606,2.937,2.698,3.019,2.87,2.713,3.21,2.78,3.169025852642764,2.726,2.803,2.675,2.693,7,2.267698836413415,90.13270162293487
BMW US Capital LLC,BMW,Automobiles Manufacturing,Consumer Discretionary,6.751846883905181,DE,1078400000.0,3.375,2034-02-02,EMTN,A,AT MATURITY,EUR,DE000A3LT423,7.87679671457906,3.632,3.453,3.619,3.55,3.432,3.806,3.521,3.7919639592724863,3.429,3.569,3.345,3.475,6,2.6672525667351135,112.47113925373728
Daimler Truck International Finance BV,DTRGR,Transportation & Logistics,Industrials,2.945855770637272,DE,545800000.0,3.875,2029-06-19,EMTN,A-,AT MATURITY,EUR,XS2623221228,3.25256673511294,2.916,2.756,3.031,2.843,2.724,3.207,2.83,3.1816562750478554,2.76,2.901,2.702,2.783,7,2.3054784394250514,87.61778356228041
EDP Finance BV,EDPPL,Utilities,Utilities,1.6228530150002578,PT,587350000.0,1.5,2027-11-22,EMTN,BBB,AT MATURITY,EUR,XS1721051495,1.67830253251198,2.463,2.355,2.585,2.422,2.325,2.784,2.44,2.734896822206597,2.355,2.436,2.335,2.364,9,2.1722642026009584,56.26326196056386
Mercedes-Benz International Finance BV,MBGGR,Automobiles Manufacturing,Consumer Discretionary,4.862213383420861,DE,572400000.0,3.125,2031-09-05,EMTn,A,AT MATURITY,EUR,DE000A4EB2Y0,5.46475017111567,3.158,3.041,3.273,3.104,3.023,3.425,3.103,3.4087100447899465,3.036,3.162,2.97,3.067,6,2.489785763175907,91.89242816140397
Bright Food Singapore Holdings Pte Ltd,BRTFOD,Food & Beverage,Consumer Staples,3.876833264642196,CN,936400000.0,3.25,2030-07-09,#N/A Field Not Applicable,BBB-,AT MATURITY,EUR,XS3096618932,4.3066392881588,3.169,3.166,3.225,3.149,3.147,3.277,3.165,3.2872012498461576,3.169,3.2,3.142,3.173,10,2.3971444216290214,89.00568282171362
Volkswagen International Finance NV,VW,Automobiles Manufacturing,Consumer Discretionary,3.6111947818355943,DE,1154800000.0,1.625,2030-01-16,EMTn,BBB+,AT MATURITY,EUR,XS1167667283,3.83025325119781,3.121,2.897,3.214,3.052,2.912,3.43,3.008,3.4054273727453137,2.912,2.965,2.884,2.878,8,2.356892539356605,104.85348333887087
Telecom Italia SpA/Milano,TITIM,Wireline Telecommunications Services,Communications,14.687825915903948,IT,587840000.0,5.25,2055-03-17,EMTN,BB,AT MATURITY,EUR,XS0214965963,28.993839835729,5.107,5.124,5.216,5.108,5.141,5.265,5.104,5.285864359122536,5.142,5.117,5.129,5.116,12,3.1284024640657084,215.7461895056828
Ford Motor Credit Co LLC,F,Automobiles Manufacturing,Consumer Discretionary,2.467443666926917,US,922590000.0,4.165,2028-11-21,#N/A Field Not Applicable,BB+,AT MATURITY,EUR,XS2822575648,2.6776180698152,3.435,3.084,3.541,3.317,3.12,3.831,3.215,3.820258630921209,3.122,3.249,3.112,3.151,11,2.255597535934292,156.4661094986917
DP World Ltd/United Arab Emirates,DPWDU,Transportation & Logistics,Industrials,0.5136126229670374,AE,882975000.0,2.375,2026-09-25,REGS,BBB,AT MATURITY,EUR,XS1883878966,0.520191649555099,2.838,2.671,3.442,2.797,2.833,3.705,2.795,3.5997887115645435,2.797,2.763,2.823,2.786,9,2.111453798767967,148.83349127965766
Daimler Truck International Finance BV,DTRGR,Transportation & Logistics,Industrials,4.064259131737127,DE,667500000.0,3.375,2030-09-23,EMTN,A-,AT MATURITY,EUR,XS2900380812,4.51471594798083,3.108,2.946,3.232,3.041,2.912,3.412,3.033,3.3828747190955157,2.955,3.1,2.916,2.962,7,2.414206707734428,96.86680113610878
Eni SpA,ENIIM,Integrated Oils,Energy,1.1048954916127458,IT,811575000.0,3.625,2027-05-19,EMTN,A-,AT MATURITY,EUR,XS2623957078,1.16632443531828,2.472,2.396,2.629,2.444,2.391,2.777,2.458,2.739990047355342,2.388,2.448,2.397,2.407,7,2.1410164271047227,59.89736202506193
General Motors Financial Co Inc,GM,Automobiles Manufacturing,Consumer Discretionary,1.7306255998436295,US,930750000.0,3.9,2028-01-12,EMTN,BBB,AT MATURITY,EUR,XS2747270630,1.81793292265572,2.732,2.662,2.919,2.664,2.627,3.146,2.68,3.121807953059948,2.649,2.709,2.631,2.643,9,2.1834346338124577,93.83733192474901
Netflix Inc,NFLX,Entertainment Content,Communications,2.889473233929352,US,1253560000.0,4.625,2029-05-15,#N/A Field Not Applicable,A-,AT MATURITY,EUR,XS2076099865,3.15674195756331,2.902,2.757,2.944,2.798,2.706,3.234,2.795,3.2122578049639774,2.712,2.849,2.636,2.766,7,2.2969500342231344,91.5307770740843
BMW International Investment BV,BMW,Automobiles Manufacturing,Consumer Discretionary,1.3768920202072334,DE,1116600000.0,3.0,2027-08-27,EMTN,A,AT MATURITY,EUR,XS2887901325,1.44010951403149,2.528,2.413,2.649,2.472,2.391,2.789,2.478,2.7515317587954824,2.414,2.482,2.395,2.415,6,2.1529691991786453,59.856255961683715
Ford Motor Credit Co LLC,F,Automobiles Manufacturing,Consumer Discretionary,1.9241820020863545,US,652740000.0,6.125,2028-05-15,#N/A Field Not Applicable,BB+,AT MATURITY,EUR,XS2623496085,2.1574264202601,3.153,2.941,3.46,3.089,2.926,3.701,3.085,3.678726447068812,2.972,3.12,2.965,2.994,11,2.2113812457221083,146.73452013467036
Mercedes-Benz Group AG,MBGGR,Automobiles Manufacturing,Consumer Discretionary,3.8256530046853054,DE,816600000.0,2.375,2030-05-22,EMTN,A,AT MATURITY,EUR,DE000A289XG8,4.17522245037645,2.907,2.754,3.006,2.848,2.734,3.181,2.842,3.1593635792919894,2.754,2.871,2.696,2.747,6,2.3863682409308686,77.29953383611208
Volkswagen Leasing GmbH,VW,Automobiles Manufacturing,Consumer Discretionary,3.1913087554470554,DE,915825000.0,0.625,2029-07-19,EMTN,A-,AT MATURITY,EUR,XS2343822503,3.3347022587269,3.136,2.863,3.156,3.046,2.869,3.356,2.953,3.3285706854497463,2.897,2.9,2.847,2.805,7,2.312788501026694,101.57821844230521
Volkswagen Bank GmbH,VW,Automobiles Manufacturing,Consumer Discretionary,4.595341664802908,DE,801990000.0,3.5,2031-06-19,EMTN,A-,AT MATURITY,EUR,XS3099830419,5.25119780971937,3.576,3.303,3.511,3.503,3.267,3.744,3.461,3.723543444206823,3.276,3.442,3.206,3.292,7,2.4733422313483917,125.02012128584315
Daimler Truck International Finance BV,DTRGR,Transportation & Logistics,Industrials,1.867273438032315,DE,723125000.0,3.125,2028-03-23,EMTN,A-,AT MATURITY,EUR,XS2900306171,2.01232032854209,2.68,2.562,2.878,2.626,2.539,3.066,2.645,3.029364659344182,2.576,2.676,2.548,2.592,7,2.1990472279260778,83.03174314181044
Vodafone Group PLC,VOD,Wireless Telecommunications Services,Communications,0.676818406470504,GB,490284859.5,0.9,2026-11-24,EMTN,BBB,AT MATURITY,EUR,XS2002017361,0.684462696783025,2.235,2.189,2.253,2.195,2.178,2.349,2.204,2.3317928398085286,2.198,2.183,2.152,2.164,9,2.1247761806981518,20.70166591103768
Terna - Rete Elettrica Nazionale,TRNIM,Utilities,Utilities,0.06291573809863263,IT,563800000.0,1.0,2026-04-10,EMTN,BBB+,AT MATURITY,EUR,XS1980270810,0.0602327173169062,2.334,2.254,2.406,2.236,2.318,2.5,2.157,2.470909700143539,2.29,2.153,2.289,2.22,8,2.078336755646816,39.2572944496723
Vonovia SE,ANNGR,Real Estate,Financials,0.01095459198411158,DE,802155600.0,1.5,2026-03-22,EMTN,BBB+,AT MATURITY,EUR,DE000A19X8A4,0.0082135523613963,2.473,2.248,2.979,2.318,2.333,3.421,2.3,3.5919305990508295,2.464,2.278,2.598,2.28,8,2.074591375770019,151.73392232808106
Fingrid Oyj,FINPOW,Utilities,Utilities,1.6185175143757358,FI,118490000.0,1.125,2027-11-23,GDIP,A+,AT MATURITY,EUR,XS1722899918,1.68104038329911,3.083,2.999,3.213,3.138,2.929,3.392,3.153,3.400745603183072,2.947,3.067,2.976,3.005,5,2.1724832306639286,122.82623725191435
Volkswagen Financial Services AG,VW,Automobiles Manufacturing,Consumer Discretionary,1.474752416647784,DE,728390000.0,2.25,2027-10-01,EMTN,BBB+,AT MATURITY,EUR,XS1972547696,1.53593429158111,2.678,2.524,2.74,2.623,2.474,2.936,2.612,2.9042876875590395,2.479,2.593,2.468,2.507,8,2.1608747433264885,74.3412944232551
BMW Finance NV,BMW,Automobiles Manufacturing,Consumer Discretionary,7.437747135224685,DE,810750000.0,3.625,2035-05-22,EMTN,A,AT MATURITY,EUR,XS2625968776,9.17453798767967,3.689,3.533,3.72,3.589,3.513,3.874,3.537,3.8648912674214895,3.518,3.631,3.47,3.543,6,2.750297741273101,111.45935261483886
BMW Finance NV,BMW,Automobiles Manufacturing,Consumer Discretionary,0.3183274599302318,DE,845700000.0,0.75,2026-07-13,EMTN,A,AT MATURITY,EUR,XS2010447238,0.317590691307324,2.351,2.18,2.157,2.277,2.279,2.169,2.225,2.176110074872447,2.085,2.187,2.038,2.143,6,2.0968665297741267,7.924354509832021
Eni SpA,ENIIM,Integrated Oils,Energy,6.6141097707097,IT,1094800000.0,3.875,2034-01-15,EMTN,A-,AT MATURITY,EUR,XS2739132897,7.82751540041068,3.621,3.503,3.613,3.565,3.439,3.784,3.544,3.7758292388360375,3.445,3.584,3.391,3.514,7,2.6637535934291585,111.2075645406879
Terna - Rete Elettrica Nazionale,TRNIM,Utilities,Utilities,1.306385786703431,IT,1162700000.0,1.375,2027-07-26,EMTN,BBB+,AT MATURITY,EUR,XS1652866002,1.35249828884326,2.392,2.361,2.577,2.378,2.342,2.773,2.408,2.7581891761997896,2.382,2.383,2.387,2.349,8,2.145609856262834,61.25793199369558
CK Hutchison Europe Finance 18 Ltd,CKHH,Supermarkets & Pharmacies,Consumer Staples,3.7492743020628287,GB,617100000.0,2.0,2030-04-13,#N/A Field Not Applicable,A,AT MATURITY,EUR,XS1806130305,4.0684462696783,2.986,2.936,3.194,2.967,2.89,3.311,2.962,3.2754372082435363,2.904,2.987,2.858,2.921,6,2.3776125941136206,89.78246141299158
Mercedes-Benz International Finance BV,MBGGR,Automobiles Manufacturing,Consumer Discretionary,2.3260858332676517,DE,744120000.0,2.5,2028-09-05,EMTN,A,AT MATURITY,EUR,DE000A4EB2X2,2.46680355920602,2.639,2.501,2.832,2.601,2.49,3.015,2.597,2.978757523748632,2.538,2.585,2.5,2.476,6,2.2376783025325118,74.107922121612
BMW International Investment BV,BMW,Automobiles Manufacturing,Consumer Discretionary,2.4998792374195427,DE,923865000.0,3.25,2028-11-17,EMTN,A,AT MATURITY,EUR,XS2823825711,2.66666666666667,2.707,2.588,2.863,2.657,2.557,3.05,2.664,3.02023243540392,2.575,2.705,2.5,2.589,6,2.254666666666667,76.5565768737253
Toyota Motor Finance Netherlands BV,TOYOTA,Automobiles Manufacturing,Consumer Discretionary,1.9456178012297536,JP,937890000.0,3.125,2028-04-21,EMTN,A+,AT MATURITY,EUR,XS2972972017,2.09171800136893,2.663,2.59,2.857,2.627,2.57,3.012,2.644,2.96862430228176,2.577,2.626,2.53,2.578,5,2.205796030116359,76.28282721654011
TotalEnergies Capital Canada Ltd,TTEFP,Integrated Oils,Energy,3.2736503237930883,FR,1938450000.0,2.125,2029-09-18,EMTN,A+,AT MATURITY,EUR,XS1111559925,3.50171115674196,2.842,2.766,2.98,2.808,2.735,3.19,2.818,3.1909295287748254,2.747,2.86,2.702,2.782,5,2.3276522929500345,86.32772358247908
Ferrovial SE,FERSM,Industrial Other,Industrials,3.963254005854661,US,537050000.0,4.375,2030-09-13,#N/A Field Not Applicable,BBB,AT MATURITY,EUR,XS2680945479,4.48733744010951,3.137,2.967,3.173,3.064,2.911,3.418,3.038,3.4058156112104565,2.913,3.073,2.846,2.982,9,2.4119616700889797,99.38539411214768
American Honda Finance Corp,HNDA,Automobiles Manufacturing,Consumer Discretionary,4.431465580446635,US,813975000.0,3.65,2031-04-23,EMTN,A-,AT MATURITY,EUR,XS2866190965,5.09514031485284,3.463,3.217,3.509,3.393,3.222,3.692,3.379,3.6725457729347366,3.236,3.374,3.23,3.235,7,2.461325804243669,121.12199686910677
Ford Motor Credit Co LLC,F,Automobiles Manufacturing,Consumer Discretionary,2.683427270826735,US,820575000.0,5.125,2029-02-20,EMTN,BB+,AT MATURITY,EUR,XS2724457457,2.92676249144422,3.456,3.126,3.596,3.348,3.208,3.884,3.247,3.878286862663024,3.203,3.244,3.187,3.12,11,2.2767748117727584,160.15120508902655
Volkswagen Leasing GmbH,VW,Automobiles Manufacturing,Consumer Discretionary,2.679487015466117,DE,529450000.0,4.625,2029-03-25,EMTN,A-,AT MATURITY,EUR,XS2694872594,3.01711156741958,3.048,2.855,3.17,2.961,2.854,3.333,2.877,3.3178039506083388,2.887,2.891,2.837,2.825,7,2.2845229295003424,103.32810211079963
Ferrovie dello Stato Italiane SpA,FERROV,Travel & Lodging,Consumer Discretionary,1.009857140925615,IT,1099670000.0,3.75,2027-04-14,EMTN,BBB+,AT MATURITY,EUR,XS2532681074,1.07049965776865,2.542,2.391,2.676,2.477,2.393,2.852,2.457,2.8013416438770493,2.411,2.45,2.417,2.4,8,2.145616016427105,65.57256274499443
Toyota Motor Credit Corp,TOYOTA,Automobiles Manufacturing,Consumer Discretionary,4.669671267493952,US,1090600000.0,3.625,2031-07-15,EMTN,A+,AT MATURITY,EUR,XS2857918804,5.3223819301848,3.217,3.005,3.252,3.136,3.002,3.429,3.077,3.4031301208881763,2.999,3.109,2.976,3.015,5,2.47882340862423,92.43067122639465
Volkswagen International Finance NV,VW,Automobiles Manufacturing,Consumer Discretionary,2.7073437522265986,DE,812100000.0,4.25,2029-03-29,EMTN,BBB+,AT MATURITY,EUR,XS2604699327,3.0280629705681,3.153,2.842,3.13,3.074,2.839,3.321,3.024,3.299920608127718,2.871,2.978,2.813,2.851,8,2.2854976043805606,101.44230037471576
Anheuser-Busch InBev SA/NV,ABIBB,Food & Beverage,Consumer Staples,3.8150408400880287,BE,1343625000.0,1.5,2030-04-18,EMTN,A-,AT MATURITY,EUR,BE6276040431,4.08213552361396,2.801,2.636,2.912,2.714,2.624,3.108,2.755,3.0838508382243184,2.668,2.75,2.625,2.65,7,2.3787351129363445,70.51157252879739
Autostrade per l'Italia SpA,ATOSTR,Industrial Other,Industrials,0.2721336825285566,IT,792000000.0,1.75,2026-06-26,EMTN,BBB-,AT MATURITY,EUR,XS1327504087,0.271047227926078,2.373,2.207,2.435,2.339,2.246,2.425,2.314,2.46645672420493,2.26,2.221,2.279,2.177,10,2.093515400410677,37.29413237942527
East Japan Railway Co,EJRAIL,Travel & Lodging,Consumer Discretionary,11.889355055745463,JP,797100000.0,4.11,2043-02-22,EMTN,A+,AT MATURITY,EUR,XS2588859376,16.9308692676249,4.309,4.23,4.25,4.259,4.177,4.365,4.203,4.379740869577804,4.164,4.253,4.118,4.224,5,3.052755646817248,132.69852227605563
Ryanair DAC,RYAID,Airlines,Consumer Discretionary,0.1854287062393213,IT,1468800000.0,0.875,2026-05-25,EMTN,BBB+,AT MATURITY,EUR,XS2344385815,0.183436002737851,2.319,2.231,2.465,2.273,2.238,2.505,2.222,2.5261194798433886,2.243,2.251,2.243,2.249,8,2.0872073921971244,43.89120876462642
Vodafone Group PLC,VOD,Wireless Telecommunications Services,Communications,0.433977392182413,GB,1121150616.3,2.2,2026-08-25,EMTN,BBB,AT MATURITY,EUR,XS1372839214,0.435318275154004,2.281,2.17,2.263,2.222,2.117,2.336,2.182,2.301750308739753,2.136,2.14,2.108,2.139,9,2.105342915811088,19.640739292866492
Eni SpA,ENIIM,Integrated Oils,Energy,2.0545406664895967,IT,906560000.0,1.625,2028-05-17,EMTN,A-,AT MATURITY,EUR,XS1412711217,2.16290212183436,2.727,2.574,2.85,2.627,2.517,2.999,2.626,2.9736990921283186,2.539,2.65,2.516,2.624,7,2.2118466803559205,76.18524117723982
Mercedes-Benz Group AG,MBGGR,Automobiles Manufacturing,Consumer Discretionary,4.265793364761282,DE,1185800000.0,0.75,2030-09-10,EMTN,A,AT MATURITY,EUR,DE000A289QR9,4.47912388774812,2.943,2.81,3.067,2.889,2.793,3.224,2.862,3.2131359460737894,2.806,2.874,2.751,2.799,6,2.4112881587953456,80.18477872784437
Telefonica Emisiones SA,TELEFO,Wireline Telecommunications Services,Communications,0.07111773585519474,ES,1443720170.0,1.46,2026-04-13,EMTN,BBB-,AT MATURITY,EUR,XS1394764689,0.0684462696783025,2.329,2.126,2.173,2.251,1.968,2.242,2.178,2.27285153639605,2.067,2.168,2.12,2.141,10,2.0789281314168364,19.392340497921357
Hyundai Capital America,HYNMTR,Automobiles Manufacturing,Consumer Discretionary,4.621197334184845,US,703740000.0,3.5,2031-06-26,EMTN,A-,AT MATURITY,EUR,XS2903447600,5.27036276522929,3.404,3.247,3.433,3.272,3.204,3.622,3.282,3.599148222371213,3.187,3.32,3.156,3.242,7,2.4748179329226554,112.43302894485576
Mercedes-Benz International Finance BV,MBGGR,Automobiles Manufacturing,Consumer Discretionary,0.6339644027944237,DE,1120500000.0,0.375,2026-11-08,EMTN,A,AT MATURITY,EUR,DE000A2YNZW8,0.640657084188912,2.336,2.271,2.375,2.316,2.258,2.426,2.311,2.418414815090806,2.263,2.268,2.257,2.247,6,2.120127310061602,29.8287505029204
Electricite de France SA,EDF,Power Generation,Utilities,5.762662384443978,FR,917490000.0,5.625,2033-02-21,EMTN,BBB+,AT MATURITY,EUR,XS0162990229,6.92950034223135,3.568,3.393,3.557,3.512,3.331,3.659,3.489,3.6354783823661214,3.346,3.543,3.295,3.424,8,2.5997830253251197,103.56953570410016
General Electric Co,GE,Aerospace & Defense,Industrials,7.649005761714981,US,911475000.0,4.125,2035-09-19,EMTN,A-,AT MATURITY,EUR,XS0229567440,9.50308008213552,3.635,3.53,3.617,3.575,3.462,3.727,3.568,3.700256328327789,3.466,3.612,3.38,3.526,7,2.769681724845996,93.0574603481793
BMW US Capital LLC,BMW,Automobiles Manufacturing,Consumer Discretionary,1.5559362051722223,DE,1078400000.0,3.0,2027-11-02,EMTN,A,AT MATURITY,EUR,DE000A3LT431,1.62354551676934,2.603,2.43,2.647,2.549,2.369,2.773,2.554,2.7257015866312315,2.378,2.541,2.357,2.447,6,2.167883641341547,55.78179452896843
Volkswagen International Finance NV,VW,Automobiles Manufacturing,Consumer Discretionary,6.001115223211668,DE,876075000.0,1.25,2032-09-23,EMTN,BBB+,AT MATURITY,EUR,XS2234567662,6.5160848733744,3.717,3.476,3.744,3.644,3.458,3.923,3.613,3.90176192400158,3.483,3.623,3.422,3.498,8,2.5691902806297056,133.25716433718748
Walmart Inc,WMT,Mass Merchants,Consumer Staples,3.1588758844142037,US,1467700000.0,4.875,2029-09-21,#N/A Field Not Applicable,AA,AT MATURITY,EUR,XS0453133950,3.50992470910335,2.561,2.464,2.827,2.515,2.484,2.979,2.55,2.9546001407726084,2.491,2.556,2.481,2.493,3,2.328383299110198,62.62168416624103
Deutsche Telekom AG,DT,Wireless Telecommunications Services,Communications,4.609324726501019,DE,1131700000.0,1.75,2031-03-25,EMTN,BBB+,AT MATURITY,EUR,DE000A2TSDE2,5.01574264202601,2.952,2.845,3.025,2.888,2.803,3.187,2.899,3.1565186141759685,2.811,2.917,2.738,2.842,8,2.455212183436003,70.13064307399657
BMW Finance NV,BMW,Automobiles Manufacturing,Consumer Discretionary,2.0361919814168887,DE,1125700000.0,2.625,2028-05-20,EMTN,A,AT MATURITY,EUR,XS3075491152,2.17111567419576,2.642,2.518,2.824,2.568,2.499,2.976,2.586,2.944277619326636,2.516,2.623,2.473,2.527,6,2.2125448323066395,73.17327870199964
Deutsche Telekom AG,DT,Wireless Telecommunications Services,Communications,7.503156618126264,DE,953615000.0,1.375,2034-07-05,EMTN,BBB+,AT MATURITY,EUR,XS2024716099,8.29568788501027,3.404,3.31,3.435,3.353,3.254,3.584,3.35,3.5508469729800924,3.267,3.385,3.199,3.302,8,2.6949240246406574,85.5922948339435
Volkswagen Bank GmbH,VW,Automobiles Manufacturing,Consumer Discretionary,1.9411529347415355,DE,552350000.0,4.375,2028-05-03,EMTN,BBB,AT MATURITY,EUR,XS2617456582,2.12457221081451,2.885,2.791,3.064,2.839,2.763,3.282,2.851,3.2435710402418856,2.781,2.893,2.748,2.81,9,2.208588637919233,103.49824023226523
BMW Finance NV,BMW,Automobiles Manufacturing,Consumer Discretionary,2.368058213427489,DE,525600000.0,3.875,2028-10-04,EMTN,A,AT MATURITY,EUR,XS2698773830,2.54620123203285,2.664,2.57,2.853,2.604,2.521,3.022,2.634,2.991178373596332,2.536,2.681,2.484,2.584,6,2.244427104722792,74.675126887354
Carlsberg Breweries A/S,CARLB,Food & Beverage,Consumer Staples,0.1964792230260979,DK,883745000.0,2.411,2027-02-28,EMTN,BBB+,AT MATURITY,EUR,XS3002415142,0.947296372347707,2.301,2.255,2.321,2.294,2.26,2.44,2.308,2.437604372725062,2.284,2.309,2.28,2.299,8,2.1414106776180697,29.61936951069921
Mercedes-Benz Group AG,MBGGR,Automobiles Manufacturing,Consumer Discretionary,2.044514351595304,DE,1429000000.0,1.375,2028-05-11,EMtN,A,AT MATURITY,EUR,DE000A169NC2,2.14647501711157,2.731,2.391,2.732,2.634,2.387,3.056,2.542,3.0248751249912846,2.458,2.462,2.477,2.521,6,2.2104503764544834,81.44247485368012
Ayvens SA,AYVFP,Retail - Consumer Discretionary,Consumer Discretionary,3.014723562891643,FR,816675000.0,3.875,2029-07-16,#N/A Field Not Applicable,A-,AT MATURITY,EUR,FR001400RGV6,3.3264887063655,3.015,2.814,3.072,2.965,2.766,3.294,2.951,3.2658586762062014,2.779,2.952,2.718,2.84,7,2.3120574948665293,95.3801181339672
Volkswagen International Finance NV,VW,Automobiles Manufacturing,Consumer Discretionary,5.912254584067196,DE,1102790000.0,3.3,2033-03-22,EMTN,BBB+,AT MATURITY,EUR,XS0908570459,7.00889801505818,3.808,3.589,3.806,3.735,3.528,4.009,3.683,3.980822525339692,3.543,3.705,3.515,3.613,8,2.605631759069131,137.5190766270561
Deutsche Telekom AG,DT,Wireless Telecommunications Services,Communications,1.2603833803531532,DE,1129646719.5,0.5,2027-07-05,EMTN,BBB+,AT MATURITY,EUR,XS2024715794,1.29500342231348,2.32,2.326,2.498,2.319,2.316,2.647,2.356,2.631474548219084,2.336,2.33,2.325,2.307,8,2.1407802874743322,49.069426074475196
Terna - Rete Elettrica Nazionale,TRNIM,Utilities,Utilities,2.4666408779457387,IT,830175000.0,1.0,2028-10-11,EMTN,BBB+,AT MATURITY,EUR,XS1503131713,2.56536618754278,2.6,2.588,2.705,2.631,2.57,2.84,2.634,2.8374087704522526,2.605,2.623,2.587,2.581,8,2.246056125941136,59.13526445111166
Enagas Financiaciones SA,ENGSM,Utilities,Utilities,2.032990547832336,ES,855900000.0,1.375,2028-05-05,EMTN,BBB+,AT MATURITY,EUR,XS1403388694,2.13004791238877,2.566,2.412,2.687,2.525,2.365,2.837,2.525,2.807323959913932,2.384,2.548,2.341,2.447,8,2.2090540725530454,59.82698873608867
Engie SA,ENGIFP,Power Generation,Utilities,0.1691712425251389,FR,1708677300.0,2.375,2026-05-19,EMTN,BBB+,AT MATURITY,EUR,FR0011911247,0.167008898015058,2.299,2.217,2.382,2.255,2.282,2.466,2.237,2.4073383086206173,2.199,2.224,2.285,2.225,8,2.086024640657083,32.13136679635342
JAB Holdings BV,JABHOL,Financial Services,Financials,5.830110835906871,LU,537450000.0,5.0,2033-06-12,#N/A Field Not Applicable,BBB,AT MATURITY,EUR,DE000A3LJPA8,7.23340177960301,3.953,3.692,3.861,3.862,3.649,4.05,3.817,4.034660916796577,3.646,3.822,3.576,3.708,9,2.6215715263518136,141.30893904447635
BMW Finance NV,BMW,Automobiles Manufacturing,Consumer Discretionary,0.1774097632263842,DE,883800000.0,1.125,2026-05-22,EMTN,A,AT MATURITY,EUR,XS1823246803,0.175222450376454,2.308,2.165,2.125,2.249,2.091,2.132,2.197,2.1283751275747247,2.043,2.176,1.983,2.152,6,2.0866160164271035,4.175911114762121
East Japan Railway Co,EJRAIL,Travel & Lodging,Consumer Discretionary,11.7406603922954,JP,751100000.0,4.389,2043-09-05,EMTN,A+,AT MATURITY,EUR,XS2673437484,17.4647501711157,4.33,4.269,4.276,4.29,4.212,4.423,4.242,4.429651726599021,4.188,4.302,4.157,4.265,5,3.0623655030800827,136.7286223518938
Netflix Inc,NFLX,Entertainment Content,Communications,1.1167531866706817,US,1417780000.0,3.625,2027-05-15,#N/A Field Not Applicable,A-,AT MATURITY,EUR,XS1821883102,1.15537303216975,2.5,2.354,2.546,2.445,2.352,2.751,2.398,2.7265258844443365,2.366,2.393,2.368,2.37,7,2.141542094455852,58.498378998848466
Volkswagen Bank GmbH,VW,Automobiles Manufacturing,Consumer Discretionary,0.3664326428669818,DE,973250000.0,2.5,2026-07-31,EMTN,BBB,AT MATURITY,EUR,XS1944390597,0.366872005475702,2.461,2.391,2.49,2.435,2.386,2.531,2.419,2.531081180720724,2.402,2.406,2.396,2.384,9,2.1004147843942502,43.06663963264739
Traton Finance Luxembourg SA,TRAGR,Transportation & Logistics,Industrials,0.1771495345579216,DE,558700000.0,2.724,2026-08-21,EMTN,BBB,AT MATURITY,EUR,DE000A3L2ZN4,0.424366872005476,2.436,2.36,2.395,2.413,2.374,2.476,2.405,2.5372584559373554,2.399,2.415,2.372,2.4,9,2.1045544147843938,43.27040411529617
American Honda Finance Corp,HNDA,Automobiles Manufacturing,Consumer Discretionary,2.125853932420943,US,937760000.0,2.85,2028-06-27,#N/A Field Not Applicable,A-,AT MATURITY,EUR,XS3105982675,2.27515400410678,2.769,2.658,3.033,2.711,2.661,3.235,2.718,3.2009726764810877,2.689,2.75,2.654,2.676,7,2.2213880903490764,97.95845861320115
BCR-Brisa Concessao Rodoviaria SA,BRCORO,Industrial Other,Industrials,1.092410830552074,PT,326040000.0,2.375,2027-05-10,EMTN,A,AT MATURITY,EUR,PTBSSLOM0002,1.14168377823409,2.293,2.281,2.517,2.289,2.267,2.686,2.302,2.7025670955009127,2.307,2.279,2.312,2.256,6,2.1421991786447636,56.03679168561491
American Honda Finance Corp,HNDA,Automobiles Manufacturing,Consumer Discretionary,2.222805687400548,US,1364820000.0,0.3,2028-07-07,#N/A Field Not Applicable,A-,AT MATURITY,EUR,XS2363117321,2.3025325119781,2.839,2.705,3.048,2.786,2.688,3.264,2.801,3.234645399072146,2.711,2.805,2.682,2.717,7,2.2237152635181383,101.09301355540077
Procter & Gamble Co/The,PG,Consumer Products,Consumer Staples,6.821851265440663,US,911710000.0,3.2,2034-04-29,#N/A Field Not Applicable,AA-,AT MATURITY,EUR,XS2810309224,8.11225188227242,3.308,3.217,3.34,3.233,3.156,3.534,3.221,3.5075634965385287,3.144,3.278,3.114,3.212,4,2.683184120465435,82.43793760730935
Mercedes-Benz Group AG,MBGGR,Automobiles Manufacturing,Consumer Discretionary,3.7323082341915614,DE,840375000.0,0.75,2030-02-08,EMTN,A,AT MATURITY,EUR,DE000A2YNZX6,3.89322381930185,2.895,2.674,2.966,2.847,2.672,3.158,2.843,3.1265426394308435,2.695,2.842,2.647,2.703,6,2.3624969199178647,76.40457195129788
Eni SpA,ENIIM,Integrated Oils,Energy,3.6966271821321777,IT,1105100000.0,0.625,2030-01-23,EMTN,A-,AT MATURITY,EUR,XS2107315470,3.84941820670773,2.964,2.821,2.996,2.909,2.773,3.175,2.896,3.1417761157326507,2.78,2.923,2.743,2.841,7,2.358598220396988,78.31778953356627
Volkswagen Bank GmbH,VW,Automobiles Manufacturing,Consumer Discretionary,2.1070321892727746,DE,916560000.0,2.75,2028-06-19,EMTN,A-,AT MATURITY,EUR,XS3099828355,2.25325119780972,2.932,2.729,3.058,2.852,2.719,3.24,2.846,3.209220754165852,2.762,2.862,2.727,2.748,7,2.219526351813826,98.9694402352026
Ferrovie dello Stato Italiane SpA,FERROV,Travel & Lodging,Consumer Discretionary,5.426271790032576,IT,929920000.0,3.375,2032-06-24,EMTN,BBB+,AT MATURITY,EUR,XS3101504952,6.26694045174538,3.451,3.334,3.447,3.392,3.247,3.508,3.361,3.498060050156888,3.238,3.433,3.133,3.326,8,2.550753593429158,94.73064567277301
Eni SpA,ENIIM,Integrated Oils,Energy,2.1635885731427327,IT,1212200000.0,0.375,2028-06-14,EMTN,A-,AT MATURITY,EUR,XS2344735811,2.23956194387406,2.681,2.57,2.855,2.648,2.547,3.067,2.642,3.0419660682122376,2.566,2.651,2.548,2.568,7,2.218362765229295,82.36033029829426
Volkswagen Financial Services AG,VW,Automobiles Manufacturing,Consumer Discretionary,0.4763579855570473,DE,860320000.0,3.75,2026-09-10,EMTN,BBB+,AT MATURITY,EUR,XS2837886014,0.479123887748118,2.452,2.389,2.471,2.442,2.374,2.555,2.429,2.539791185673951,2.378,2.408,2.382,2.376,8,2.1084969199178643,43.129426575608676
Ferrovie dello Stato Italiane SpA,FERROV,Travel & Lodging,Consumer Discretionary,2.8632193513684205,IT,646020000.0,4.125,2029-05-23,EMTN,BBB+,AT MATURITY,EUR,XS2627121259,3.17864476386037,2.92,2.564,2.961,2.824,2.604,3.201,2.755,3.16533996330276,2.625,2.735,2.613,2.564,8,2.298899383983573,86.64405793191872
BMW Finance NV,BMW,Automobiles Manufacturing,Consumer Discretionary,6.300757172563849,DE,525600000.0,4.125,2033-10-04,EMTN,A,AT MATURITY,EUR,XS2698773913,7.54551676933607,3.517,3.355,3.574,3.436,3.339,3.771,3.388,3.7536913910765306,3.339,3.438,3.283,3.355,6,2.643731690622861,110.99597004536696
BMW Finance NV,BMW,Automobiles Manufacturing,Consumer Discretionary,1.4762749226843466,DE,826050000.0,0.375,2027-09-24,EMTN,A,AT MATURITY,EUR,XS2055728054,1.51676933607118,2.384,2.322,2.588,2.352,2.31,2.767,2.361,2.7399615774956745,2.303,2.386,2.295,2.323,6,2.1593415468856945,58.062003060998
Eni SpA,ENIIM,Integrated Oils,Energy,4.714068604058445,IT,1090900000.0,2.0,2031-05-18,EMTN,A-,AT MATURITY,EUR,XS2176785447,5.16358658453114,3.134,2.991,3.144,3.086,2.942,3.288,3.081,3.270002075727488,2.953,3.09,2.906,2.992,7,2.466596167008898,80.34059087185904
Autoliv Inc,ALV,Auto Parts Manufacturing,Consumer Discretionary,3.0793359984137623,SE,538250000.0,3.625,2029-08-07,EMTN,BBB+,AT MATURITY,EUR,XS2759982577,3.38672142368241,3.098,2.85,3.16,3.023,2.829,3.467,2.982,3.426360483878584,2.895,3.041,2.901,2.893,8,2.3174182067077345,110.89422771708497
Ayvens SA,AYVFP,Retail - Consumer Discretionary,Consumer Discretionary,3.620319648477266,FR,520500000.0,3.25,2030-02-19,#N/A Field Not Applicable,A-,AT MATURITY,EUR,FR001400XHX8,3.9233401779603,3.142,2.931,3.128,3.077,2.877,3.353,3.04,3.327774554196107,2.878,3.042,2.811,2.945,7,2.3651772758384664,96.25972783576407
Electricite de France SA,EDF,Power Generation,Utilities,10.613035706105943,FR,116080000.0,4.364,2041-08-11,EMTN,BBB+,AT MATURITY,EUR,FR00140120H2,15.3976728268309,,,,,,4.78,,4.802025116594379,4.611,,4.57,,8,3.025158110882956,177.6867005711423
Hyundai Capital America,HYNMTR,Automobiles Manufacturing,Consumer Discretionary,2.123871697560067,US,703740000.0,2.875,2028-06-26,EMTn,A-,AT MATURITY,EUR,XS2903447519,2.27241615331964,2.775,2.601,2.929,2.722,2.592,3.17,2.722,3.140547666805256,2.623,2.743,2.595,2.627,7,2.221155373032169,91.93922937730869
International Business Machines Corp,IBM,Software & Services,Technology,5.596439250514539,US,1747520000.0,0.65,2032-02-11,#N/A Field Not Applicable,A-,AT MATURITY,EUR,XS2115091808,5.90006844626968,3.319,3.242,3.467,3.271,3.19,3.627,3.259,3.59396795682554,3.188,3.278,3.163,3.222,7,2.5233052703627656,107.06626864627742
Volvo Treasury AB,VLVY,Transportation & Logistics,Industrials,0.1799028030195942,SE,520950000.0,2.424,2026-11-22,EMTN,A,AT MATURITY,EUR,XS2944915201,0.678986995208761,2.261,2.213,2.262,2.244,2.21,2.416,2.257,2.4118110706781093,2.222,2.258,2.216,2.239,6,2.1239219712525665,28.788909942554277
Deutsche Telekom International Finance BV,DT,Wireline Telecommunications Services,Communications,1.7586283730336216,DE,1002300000.0,3.25,2028-01-17,EMTN,BBB+,AT MATURITY,EUR,XS0875797515,1.83162217659138,2.255,2.214,2.454,2.231,2.216,2.671,2.223,2.5988100497066715,2.213,2.244,2.187,2.194,8,2.18452977412731,41.42802755793613
TotalEnergies Capital International SA,TTEFP,Integrated Oils,Energy,3.35803495294334,FR,1176300000.0,1.375,2029-10-04,EMTN,A+,AT MATURITY,EUR,XS1693818525,3.54551676933607,2.69,2.649,2.935,2.69,2.651,3.173,2.718,3.1571454971952626,2.675,2.739,2.661,2.66,5,2.3315509924709104,82.55945047243523
Siemens Financieringsmaatschappij NV,SIEGR,Industrial Other,Industrials,3.3644894027294443,DE,1104100000.0,0.125,2029-09-05,#N/A Field Not Applicable,AA-,AT MATURITY,EUR,XS2049616621,3.46611909650924,2.433,2.251,2.499,2.357,2.259,2.861,2.386,2.8543606894092854,2.267,2.398,2.265,2.267,4,2.324484599589322,52.987608981996324
Volkswagen International Finance NV,VW,Automobiles Manufacturing,Consumer Discretionary,1.8187095278403336,DE,778875000.0,4.25,2028-02-15,EMTN,BBB+,AT MATURITY,EUR,XS2554488978,1.91101984941821,2.901,2.672,2.905,2.836,2.624,3.112,2.783,3.0807779480205695,2.63,2.79,2.579,2.687,8,2.1908815879534567,88.98963600671128
Verizon Communications Inc,VZ,Wireless Telecommunications Services,Communications,3.386583161906428,US,869250000.0,1.875,2029-10-26,12y,BBB+,AT MATURITY,EUR,XS1708167652,3.60574948665298,2.887,2.817,3.069,2.858,2.787,3.273,2.873,3.227169276783429,2.815,2.882,2.79,2.817,8,2.336911704312115,89.0257572471314
AusNet Services Holdings Pty Ltd,ANVAU,Utilities,Utilities,4.227099766503761,AU,544150000.0,0.625,2030-08-25,EMTN,BBB+,AT MATURITY,EUR,XS2118213888,4.435318275154,3.23,3.072,3.181,3.161,3.012,3.386,3.109,3.4144874575624344,2.989,3.148,2.969,3.051,8,2.407696098562628,100.67913589998065
Volvo Treasury AB,VLVY,Transportation & Logistics,Industrials,0.06386423761711173,SE,512250000.0,2.431,2027-01-10,EMTN,A,AT MATURITY,EUR,XS2972963883,0.813141683778234,2.284,2.248,2.287,2.275,2.242,2.394,2.286,2.401516922574827,2.273,2.287,2.266,2.276,6,2.1319691991786445,26.954772339618273
Mercedes-Benz Group AG,MBGGR,Automobiles Manufacturing,Consumer Discretionary,4.5958418194529,DE,852675000.0,2.0,2031-02-27,EMTN,A,AT MATURITY,EUR,DE000A2TR083,4.94455852156057,3.075,2.887,3.183,3.028,2.863,3.338,3.009,3.3224223578308467,2.879,3.022,2.853,2.898,6,2.449453798767967,87.29685590628797
La Poste SA,FRPTT,Transportation & Logistics,Industrials,2.5852469049586206,FR,565750000.0,1.45,2028-11-30,EMTN,A,AT MATURITY,EUR,FR0013384567,2.70225872689938,2.631,2.547,2.793,2.575,2.508,2.946,2.601,2.9082521162893684,2.52,2.584,2.46,2.532,6,2.257691991786447,65.05601245029213
Ayvens SA,AYVFP,Retail - Consumer Discretionary,Consumer Discretionary,1.7647993142450442,FR,1090500000.0,3.875,2028-01-24,#N/A Field Not Applicable,A-,AT MATURITY,EUR,FR001400NC70,1.8507871321013,2.652,2.539,2.83,2.622,2.499,3.04,2.611,3.002746227537996,2.517,2.614,2.487,2.519,7,2.186062970568104,81.66832569698923
Novo Nordisk Finance Netherlands BV,NOVOB,Pharmaceuticals,Health Care,0.1936017513632081,DK,1586480000.0,2.311,2027-05-27,EMTN,AA-,AT MATURITY,EUR,XS3002552134,1.18822724161533,2.242,2.216,2.295,2.235,2.224,2.444,2.251,2.4327323483447856,2.25,2.258,2.249,2.242,4,2.139965092402464,29.276725594232154
AusNet Services Holdings Pty Ltd,ANVAU,Utilities,Utilities,7.356411766788707,AU,561300000.0,3.75,2035-05-08,EMTn,BBB+,AT MATURITY,EUR,XS3041338305,9.13620807665982,3.844,3.764,3.785,3.8,3.694,3.903,3.745,3.9439171850976256,3.664,3.808,3.611,3.757,8,2.7480362765229294,119.58809085746962
OMV AG,OMVAV,Integrated Oils,Energy,2.5796587320702584,AT,567150000.0,1.875,2028-12-04,EMTN,A-,AT MATURITY,EUR,XS1917590959,2.71321013004791,2.625,2.527,2.815,2.608,2.474,3.092,2.619,3.08101889736243,2.494,2.651,2.445,2.55,7,2.2586228610540724,82.23960363083576
BMW US Capital LLC,BMW,Automobiles Manufacturing,Consumer Discretionary,1.0536865973078378,DE,537450000.0,1.0,2027-04-20,EMTN,A,AT MATURITY,EUR,DE000A1ZZ028,1.08692676249144,2.416,2.314,2.424,2.382,2.292,2.57,2.353,2.531564207685597,2.288,2.359,2.284,2.294,6,2.144827515400411,38.673669228518605
Anheuser-Busch InBev SA/NV,ABIBB,Food & Beverage,Consumer Staples,8.48250131275164,BE,3097875000.0,2.75,2036-03-17,EMTN,A-,AT MATURITY,EUR,BE6285457519,9.9958932238193,3.732,3.611,3.675,3.647,3.538,3.863,3.617,3.851865687249429,3.523,3.68,3.478,3.636,7,2.7987577002053388,105.31079870440902
Volkswagen Bank GmbH,VW,Automobiles Manufacturing,Consumer Discretionary,4.35299490019313,DE,552350000.0,4.625,2031-05-03,EMTN,BBB,AT MATURITY,EUR,XS2617457127,5.12251882272416,3.618,3.389,3.571,3.561,3.356,3.776,3.546,3.760586353814946,3.35,3.584,3.275,3.43,9,2.4634339493497603,129.71524044651858
Volkswagen International Finance NV,VW,Automobiles Manufacturing,Consumer Discretionary,1.453479673004213,DE,789225000.0,3.75,2027-09-28,#N/A Field Not Applicable,BBB+,AT MATURITY,EUR,XS2491738949,1.52772073921971,2.748,2.548,2.757,2.697,2.496,2.936,2.684,2.901157564332203,2.514,2.658,2.495,2.564,8,2.160217659137577,74.09399051946264
American Honda Finance Corp,HNDA,Automobiles Manufacturing,Consumer Discretionary,0.1965910380694828,US,338820000.0,2.561,2027-05-28,EMTN,A-,AT MATURITY,EUR,XS3084345167,1.19096509240246,2.4,2.382,2.415,2.399,2.366,2.524,2.42,2.53948497863082,2.387,2.419,2.374,2.414,7,2.139833675564682,39.965130306613794
American Honda Finance Corp,HNDA,Automobiles Manufacturing,Consumer Discretionary,4.6216196495763,US,586100000.0,3.5,2031-06-27,#N/A Field Not Applicable,A-,AT MATURITY,EUR,XS3105983053,5.27310061601643,3.525,3.256,3.489,3.451,3.244,3.651,3.443,3.636637466479927,3.249,3.438,3.237,3.262,7,2.4750287474332655,116.16087190466615
BMW International Investment BV,BMW,Automobiles Manufacturing,Consumer Discretionary,0.2183474932840176,DE,543200000.0,2.195,2026-06-05,EMTN,A,AT MATURITY,EUR,XS2835763702,0.213552361396304,2.22,2.166,2.223,2.195,2.183,2.297,2.207,2.2893623310068234,2.202,2.211,2.186,2.213,6,2.089375770020533,19.99865609862903
Deutsche Bahn AG,DBHNGR,Travel & Lodging,Consumer Discretionary,5.315202111947496,DE,870075000.0,0.35,2031-09-29,EMTN,AA+,AT MATURITY,EUR,XS2391406530,5.53045859000684,2.919,2.788,2.888,2.841,2.736,3.057,2.824,3.0423240596982333,2.708,2.879,2.62,2.803,2,2.494845311430527,54.74787482677064
Heathrow Funding Ltd,HTHROW,Transportation & Logistics,Industrials,7.145186128751166,GB,734435000.0,1.875,2034-03-14,EMTN,BBB+,AT MATURITY,EUR,XS1960589155,7.98631074606434,3.793,3.716,3.997,3.692,3.673,4.14,3.676,4.127354370561962,3.697,3.752,3.64,3.674,8,2.6750280629705685,145.23263075913934
BMW Finance NV,BMW,Automobiles Manufacturing,Consumer Discretionary,0.6707770583448825,DE,810750000.0,3.25,2026-11-22,EMTN,A,AT MATURITY,EUR,XS2625968693,0.678986995208761,2.286,2.226,2.354,2.261,2.221,2.507,2.253,2.4944843899127016,2.229,2.24,2.228,2.218,6,2.1239219712525665,37.05624186601351
Mercedes-Benz Finance Canada Inc,MBGGR,Automobiles Manufacturing,Consumer Discretionary,0.9142624908129342,DE,777300000.0,3.0,2027-02-23,EMTN,A,AT MATURITY,EUR,DE000A3LBMY2,0.933607118412047,2.477,2.358,2.502,2.397,2.326,2.654,2.395,2.652632984691341,2.338,2.367,2.329,2.341,6,2.139439425051335,51.319355964000614
Engie SA,ENGIFP,Power Generation,Utilities,20.28445199255709,FR,416700000.0,5.95,2111-03-16,EMTN,BBB+,AT MATURITY,EUR,FR0011022474,84.9883641341547,4.724,4.721,4.676,4.673,4.668,4.773,4.623,4.782668251675098,4.628,4.733,4.567,4.709,8,2.8360674880219037,194.6600763653194
Apple Inc,AAPL,Communications Equipment,Technology,1.4433113639388602,US,1130400000.0,2.0,2027-09-17,#N/A Field Not Applicable,AA+,AT MATURITY,EUR,XS1292389415,1.49760438056126,2.338,2.253,2.491,2.303,2.208,2.683,2.308,2.6555013828329743,2.245,2.304,2.244,2.255,2,2.1577987679671455,49.77026148658288
Daimler Truck International Finance BV,DTRGR,Transportation & Logistics,Industrials,3.411897028206937,DE,736580000.0,3.0,2029-11-27,EMTN,A-,AT MATURITY,EUR,XS3081821699,3.6933607118412,3.027,2.829,3.124,2.954,2.817,3.302,2.952,3.271472878542008,2.867,2.977,2.815,2.849,7,2.3447091033538667,92.67637751881415
Snam SpA,SRGIM,Utilities,Utilities,0.07764525844670554,IT,797700000.0,2.416,2026-04-15,EMTN,BBB+,AT MATURITY,EUR,XS2802190459,0.0739219712525667,2.24,2.186,2.178,2.23,2.177,2.196,2.258,2.1943645655647495,2.179,2.229,2.157,2.209,8,2.0793223819301834,11.504218363456609
Mercedes-Benz International Finance BV,MBGGR,Automobiles Manufacturing,Consumer Discretionary,1.248714874808818,DE,932195000.0,3.0,2027-07-10,EMTN,A,AT MATURITY,EUR,DE000A3LSYG8,1.30869267624914,2.421,2.407,2.646,2.415,2.403,2.801,2.419,2.76697854522516,2.386,2.432,2.375,2.389,6,2.1419301848049277,62.504836042023236
Daimler Truck International Finance BV,DTRGR,Transportation & Logistics,Industrials,0.2531956528581977,DE,709540000.0,3.875,2026-06-19,EMTN,A-,AT MATURITY,EUR,XS2623129256,0.251882272416153,2.38,2.294,2.326,2.339,2.282,2.464,2.331,2.478370561199392,2.249,2.311,2.262,2.303,7,2.0921355236139623,38.62350375854295
BP Capital Markets BV,BPLN,Integrated Oils,Energy,3.685322657809746,US,813900000.0,3.773,2030-05-12,EMTN,A,AT MATURITY,EUR,XS2620585658,4.14784394250513,3.02,2.907,3.097,2.978,2.846,3.261,2.986,3.2437590720023173,2.856,3.038,2.812,2.933,6,2.3841232032854207,85.96358687168966
General Motors Financial Co Inc,GM,Automobiles Manufacturing,Consumer Discretionary,1.5919435581086143,US,648600000.0,4.5,2027-11-22,EMTN,BBB,AT MATURITY,EUR,XS2625985945,1.67830253251198,2.699,2.596,2.839,2.631,2.562,3.03,2.64,3.001201786880777,2.579,2.655,2.568,2.59,9,2.1722642026009584,82.89375842798185
Linde Finance BV,LIN,Chemicals,Materials,2.001759411396284,US,849525000.0,1.0,2028-04-20,EMTN,A,AT MATURITY,EUR,XS1397134609,2.08898015058179,2.469,2.265,2.555,2.376,2.266,2.956,2.379,2.9037204242189327,2.322,2.358,2.305,2.288,6,2.2055633127994523,69.81571114194804
Holcim Finance Luxembourg SA,HOLNSW,Construction Materials Manufacturing,Materials,9.325188998606103,CH,347035640.0,1.375,2036-10-08,EMTN,BBB+,AT MATURITY,EUR,XS2397538252,10.5571526351814,4.231,4.209,4.029,4.173,4.062,4.133,4.159,4.119846115944152,4.057,4.171,3.911,4.157,8,2.829643394934977,129.02027210091748
Vodafone Group PLC,VOD,Wireless Telecommunications Services,Communications,4.947648313971934,GB,959503115.7,1.6,2031-07-29,EMTN,BBB,AT MATURITY,EUR,XS1463101680,5.36071184120465,3.161,3.06,3.295,3.111,3.009,3.466,3.109,3.4464007131169545,3.016,3.147,2.981,3.063,9,2.481774811772758,96.46259013441964
OMV AG,OMVAV,Integrated Oils,Energy,5.401728257988356,AT,820200000.0,2.375,2032-04-09,EMTN,A-,AT MATURITY,EUR,XS2154348424,6.05886379192334,3.008,2.899,3.106,2.97,2.846,3.253,2.974,3.22684796996594,2.875,3.006,2.811,2.921,7,2.5353559206023273,69.14920493636126
Toyota Finance Australia Ltd,TOYOTA,Automobiles Manufacturing,Consumer Discretionary,3.6885706430600216,AU,543450000.0,3.386,2030-03-18,EMTN,A+,AT MATURITY,EUR,XS2785465787,3.99726214921287,2.978,2.865,3.022,2.94,2.807,3.205,2.917,3.2462284297674775,2.812,2.938,2.796,2.88,5,2.3717563312799452,87.44720984875323
Deutsche Telekom International Finance BV,DT,Wireline Telecommunications Services,Communications,1.9426122670967136,DE,1677600000.0,1.5,2028-04-03,EMTn,BBB+,AT MATURITY,EUR,XS1382791975,2.04243668720055,2.611,2.446,2.673,2.483,2.404,2.918,2.443,2.8889187825747378,2.424,2.441,2.388,2.456,8,2.201607118412047,68.73116641626909
Siemens Financieringsmaatschappij NV,SIEGR,Industrial Other,Industrials,4.21112885564895,DE,1162500000.0,1.375,2030-09-06,EMTN,AA-,AT MATURITY,EUR,XS1874127902,4.46817248459959,2.506,2.395,2.746,2.498,2.403,2.891,2.541,2.8627518676835315,2.422,2.533,2.445,2.425,4,2.410390143737166,45.23617239463653
Telefonica Emisiones SA,TELEFO,Wireline Telecommunications Services,Communications,5.113865761840959,ES,825075000.0,1.93,2031-10-17,EMTN,BBB-,AT MATURITY,EUR,XS1505554771,5.57973990417522,3.238,3.161,3.362,3.185,3.106,3.502,3.173,3.481631814957685,3.126,3.238,3.069,3.162,10,2.498639972621492,98.2991842336193
Ayvens SA,AYVFP,Retail - Consumer Discretionary,Consumer Discretionary,0.1720862959998658,FR,520500000.0,2.691,2027-11-19,#N/A Field Not Applicable,A-,AT MATURITY,EUR,FR001400XHW0,1.67008898015058,2.48,2.413,2.469,2.467,2.408,2.6,2.463,2.5990672778967268,2.436,2.468,2.431,2.457,7,2.1716071184120462,42.746015948468056
Deutsche Telekom International Finance BV,DT,Wireline Telecommunications Services,Communications,3.4859907906301,DE,1166500000.0,2.0,2029-12-01,EMTN,BBB+,AT MATURITY,EUR,XS1828033834,3.70431211498973,2.641,2.555,2.786,2.625,2.529,2.981,2.639,2.9361131574903805,2.54,2.652,2.486,2.576,8,2.345683778234086,59.04293792562947
Perusahaan Perseroan Persero PT Perusahaan Listrik Negara,PLNIJ,Utilities,Utilities,5.136615518148693,ID,553400000.0,1.875,2031-11-05,REGS,BBB,AT MATURITY,EUR,XS2073758885,5.63175906913073,3.903,3.931,3.888,3.914,3.89,4.043,3.911,4.071655077270288,3.877,3.922,3.812,3.93,9,2.5026454483230665,156.90096289472214
Coca-Cola Co/The,KO,Food & Beverage,Consumer Staples,3.968411357933736,US,783250000.0,0.4,2030-05-06,#N/A Field Not Applicable,A+,AT MATURITY,EUR,XS2339398971,4.13141683778234,2.914,2.799,2.984,2.864,2.749,3.128,2.873,3.0968636466895245,2.765,2.913,2.72,2.831,5,2.382776180698152,71.40874659913727
Shell International Finance BV,RDSALN,Integrated Oils,Energy,0.8260560544044034,US,1549750000.0,1.625,2027-01-20,EMTN,AA-,AT MATURITY,EUR,XS1135277140,0.840520191649555,2.331,2.226,2.458,2.284,2.204,2.583,2.29,2.5506673836097526,2.238,2.255,2.247,2.207,4,2.1315174537987676,41.91499298109851
Telefonica Emisiones SA,TELEFO,Wireline Telecommunications Services,Communications,2.445821102614811,ES,748930000.0,2.318,2028-10-17,EMTN,BBB-,AT MATURITY,EUR,XS1550951138,2.58179329226557,2.656,2.657,2.78,2.655,2.66,2.87,2.647,2.8507734416255355,2.674,2.654,2.668,2.638,10,2.2474524298425735,60.33210117829619
Mercedes-Benz Group AG,MBGGR,Automobiles Manufacturing,Consumer Discretionary,6.573137369169615,DE,1197200000.0,0.75,2033-03-11,EMTN,A,AT MATURITY,EUR,DE000A3H3JM4,6.97878165639973,3.346,3.191,3.4,3.272,3.197,3.583,3.236,3.5639930401642794,3.188,3.282,3.147,3.182,6,2.60342984257358,96.05631975906994
Enel SpA,ENELIM,Power Generation,Utilities,1.1771320746239082,IT,1141295000.0,5.625,2027-06-21,EMTN,BBB,AT MATURITY,EUR,XS0306646042,1.25667351129363,2.394,2.301,2.558,2.351,2.27,2.703,2.361,2.659442868632184,2.283,2.382,2.26,2.291,9,2.137560574948665,52.1882293683519
Toyota Motor Credit Corp,TOYOTA,Automobiles Manufacturing,Consumer Discretionary,3.165678809801713,US,1073800000.0,4.05,2029-09-13,EMTN,A+,AT MATURITY,EUR,XS2597093009,3.4880219028063,2.947,2.754,3.055,2.883,2.758,3.233,2.888,3.195212719398921,2.784,2.885,2.733,2.789,5,2.3264339493497608,86.87787700491603
Electricite de France SA,EDF,Power Generation,Utilities,10.42387916790356,FR,1025100000.0,4.5,2040-11-12,EMTn,BBB+,AT MATURITY,EUR,FR0010961581,14.652977412731,4.488,4.325,4.317,4.408,4.239,4.461,4.364,4.454172199375764,4.218,4.418,4.163,4.341,8,3.004813141683778,144.93590576919857
Apple Inc,AAPL,Communications Equipment,Technology,0.6394043540734449,US,1739780000.0,1.625,2026-11-10,#N/A Field Not Applicable,AA+,AT MATURITY,EUR,XS1135337498,0.646132785763176,2.208,2.151,2.287,2.187,2.153,2.398,2.187,2.3871186587581805,2.184,2.162,2.18,2.163,2,2.120521560574949,26.659709818323172
BMW Finance NV,BMW,Automobiles Manufacturing,Consumer Discretionary,0.07766143053036788,DE,579800000.0,2.346,2027-07-15,EMTN,A,AT MATURITY,EUR,XS3120975753,1.3223819301848,2.317,2.287,2.342,2.308,2.29,2.469,2.321,2.466481180119961,2.304,2.326,2.302,2.317,6,2.143080082135523,32.34010979844379
Ayvens SA,AYVFP,Retail - Consumer Discretionary,Consumer Discretionary,2.347013519981312,FR,1057900000.0,4.875,2028-10-06,EMTN,A-,AT MATURITY,EUR,FR001400L4V8,2.55167693360712,2.836,2.614,2.908,2.774,2.577,3.127,2.749,3.097028521518204,2.604,2.749,2.554,2.639,7,2.2448925393566053,85.21359821615988
Unilever Finance Netherlands BV,UNANA,Consumer Products,Consumer Staples,0.8871770321964602,GB,859250000.0,1.125,2027-02-12,EMTN,A+,AT MATURITY,EUR,XS1769090991,0.903490759753593,2.237,2.307,2.387,2.261,2.278,2.462,2.277,2.4451724777502752,2.279,2.271,2.28,2.275,5,2.1360513347022585,30.912114304801676
La Poste SA,FRPTT,Transportation & Logistics,Industrials,5.596866454791915,FR,1247060000.0,1.375,2032-04-21,EMTN,A,AT MATURITY,EUR,FR0013508694,6.09171800136893,3.322,3.13,3.328,3.235,3.079,3.486,3.223,3.459092454396935,3.079,3.231,3.006,3.141,6,2.537787132101301,92.1305322295634
Anheuser-Busch InBev SA/NV,ABIBB,Food & Beverage,Consumer Staples,6.008475902028856,BE,665350000.0,3.25,2033-01-24,EMTN,A-,AT MATURITY,EUR,BE6248644013,6.85284052019165,3.39,3.236,3.354,3.321,3.178,3.555,3.31,3.534346346364607,3.169,3.335,3.109,3.248,7,2.594110198494182,94.02361478704249
Ayvens SA,AYVFP,Retail - Consumer Discretionary,Consumer Discretionary,0.9122365387610936,FR,1082000000.0,3.875,2027-02-22,#N/A Field Not Applicable,A-,AT MATURITY,EUR,FR001400O457,0.930869267624914,2.509,2.32,2.461,2.487,2.324,2.585,2.412,2.582569036063,2.318,2.371,2.285,2.325,7,2.1390451745379875,44.35238615250125
OMV AG,OMVAV,Integrated Oils,Energy,0.7293478888872988,AT,1178800000.0,1.0,2026-12-14,EMTN,A-,AT MATURITY,EUR,XS1734689620,0.739219712525667,2.276,2.228,2.325,2.256,2.218,2.424,2.247,2.4224349065582795,2.237,2.22,2.233,2.207,7,2.1333182751540036,28.911663140427592
Acciona Energia Financiacion Filiales SA,ANESM,Renewable Energy,Energy,5.423908221418949,ES,564400000.0,1.375,2032-01-26,EMTN,BBB-,AT MATURITY,EUR,XS2436160183,5.85626283367557,3.619,3.666,3.815,3.573,3.602,4.017,3.573,4.014711538908691,3.61,3.667,3.522,3.603,10,2.519932238193019,149.47793007156722
Siemens Financieringsmaatschappij NV,SIEGR,Industrial Other,Industrials,1.8990105019459456,DE,1302300000.0,2.875,2028-03-10,EMTN,AA-,AT MATURITY,EUR,DE000A1UDWN5,1.97672826830938,2.23,2.171,2.489,2.164,2.154,2.773,2.205,2.6947086219552845,2.178,2.212,2.17,2.16,4,2.19613826146475,49.85703604905343
TotalEnergies Capital International SA,TTEFP,Integrated Oils,Energy,2.2253851773482194,FR,1663800000.0,0.75,2028-07-12,EMTN,A+,AT MATURITY,EUR,XS1443997819,2.31622176591376,2.569,2.581,2.792,2.533,2.433,3.155,2.535,3.1130918618220105,2.535,2.602,2.518,2.62,5,2.2248788501026695,88.8213011719341
Mercedes-Benz International Finance BV,MBGGR,Automobiles Manufacturing,Consumer Discretionary,1.4239553784120125,DE,924120000.0,3.25,2027-09-15,EMTN,A,AT MATURITY,EUR,DE000A382962,1.492128678987,2.476,2.459,2.699,2.435,2.44,2.885,2.477,2.849549183359342,2.44,2.52,2.404,2.457,6,2.1573388090349077,69.22103743244344
BP Capital Markets BV,BPLN,Integrated Oils,Energy,7.222445812054368,US,813900000.0,4.323,2035-05-12,EMTN,A,AT MATURITY,EUR,XS2620585906,9.14715947980835,3.778,3.674,3.764,3.708,3.613,3.956,3.71,3.943074149360368,3.608,3.763,3.586,3.692,6,2.748682409308693,119.4391740051675
La Poste SA,FRPTT,Transportation & Logistics,Industrials,7.812274153897245,FR,1107000000.0,1.0,2034-09-17,EMTN,A,AT MATURITY,EUR,FR0013447638,8.49828884325804,3.659,3.405,3.549,3.537,3.352,3.706,3.469,3.685761438922804,3.327,3.487,3.245,3.397,6,2.7078904859685147,97.78709529542895
Deutsche Telekom International Finance BV,DT,Wireline Telecommunications Services,Communications,0.8529836570255308,DE,1003571198.3,1.375,2027-01-30,EMTN,BBB+,AT MATURITY,EUR,XS1557095616,0.867898699520876,2.295,2.209,2.349,2.264,2.21,2.473,2.239,2.4556670582087734,2.229,2.199,2.231,2.181,8,2.133488706365503,32.21783518432706
SNCF Reseau,RESFER,Transportation & Logistics,Industrials,7.076505429306237,FR,1070400000.0,1.875,2034-03-30,EMTN,A+,AT MATURITY,EUR,XS1588061777,8.03011635865845,3.658,3.492,3.567,3.572,3.386,3.723,3.57,3.6941427748226503,3.349,3.543,3.265,3.475,5,2.6779274469541408,101.62153278685095
Procter & Gamble Co/The,PG,Consumer Products,Consumer Staples,0.3721548253414942,US,715000000.0,3.25,2026-08-02,#N/A Field Not Applicable,AA-,AT MATURITY,EUR,XS2617256065,0.372347707049966,2.239,2.179,2.219,2.21,2.122,2.286,2.196,2.282012598211394,2.106,2.166,1.999,2.161,4,2.100809034907597,18.120356330379693
Toyota Motor Finance Netherlands BV,TOYOTA,Automobiles Manufacturing,Consumer Discretionary,1.7395776195450583,JP,595540000.0,3.5,2028-01-13,EMTN,A+,AT MATURITY,EUR,XS2572989817,1.82067077344285,2.658,2.57,2.815,2.608,2.53,2.989,2.638,2.9567546334725865,2.532,2.652,2.512,2.585,5,2.183653661875428,77.31009715971587
Autostrade per l'Italia SpA,ATOSTR,Industrial Other,Industrials,0.856259333689719,IT,637500000.0,1.75,2027-02-01,EMTN,BBB-,AT MATURITY,EUR,XS1528093799,0.87337440109514,2.524,2.413,2.588,2.457,2.401,2.735,2.445,2.724548968383815,2.419,2.412,2.406,2.394,10,2.1338829568788498,59.06660115049651
Toyota Motor Finance Netherlands BV,TOYOTA,Automobiles Manufacturing,Consumer Discretionary,0.1498808134827502,JP,541950000.0,2.7,2027-02-09,#N/A Field Not Applicable,A+,AT MATURITY,EUR,XS2757373050,0.895277207392197,2.351,2.301,2.353,2.329,2.306,2.479,2.341,2.472204188565475,2.328,2.341,2.324,2.335,5,2.135459958932238,33.67442296332368
BMW Finance NV,BMW,Automobiles Manufacturing,Consumer Discretionary,6.5498561021413195,DE,608350000.0,0.2,2033-01-11,EMTN,A,AT MATURITY,EUR,XS2280845145,6.81724845995893,3.176,2.89,3.235,3.125,2.87,3.387,3.076,3.3816678325963485,2.918,3.133,2.881,2.918,6,2.5914763860369607,79.01914465593877
APA Infrastructure Ltd,APAAU,Utilities,Utilities,0.9648781339014136,AU,705055000.0,2.0,2027-03-22,EMTN,BBB,AT MATURITY,EUR,XS1205616698,1.00752908966461,2.584,2.429,2.535,2.567,2.359,2.687,2.552,2.7294107806618264,2.414,2.522,2.379,2.464,9,2.148638603696099,58.077217696572745
Coca-Cola Co/The,KO,Food & Beverage,Consumer Staples,0.508753210940793,US,464127700.0,0.75,2026-09-22,#N/A Field Not Applicable,A+,AT MATURITY,EUR,XS1955024713,0.511978097193703,2.305,2.238,2.347,2.294,2.236,2.421,2.28,2.4100203297593774,2.243,2.232,2.25,2.231,5,2.1108624229979465,29.915790676143097
Daimler Truck International Finance BV,DTRGR,Transportation & Logistics,Industrials,1.0083989022535298,DE,681750000.0,1.625,2027-04-06,EMTN,A-,AT MATURITY,EUR,XS2466172363,1.04859685147159,2.439,2.451,2.581,2.445,2.403,2.744,2.502,2.7266203453264337,2.428,2.529,2.419,2.477,7,2.1466673511293637,57.995299419707
BMW Finance NV,BMW,Automobiles Manufacturing,Consumer Discretionary,1.7542533931224271,DE,897000000.0,1.125,2028-01-10,EMTN,A,AT MATURITY,EUR,XS1747444831,1.81245722108145,2.451,2.429,2.688,2.448,2.411,2.927,2.454,2.8996453754503078,2.417,2.493,2.395,2.441,6,2.182996577686516,71.66487977637917
OMV AG,OMVAV,Integrated Oils,Energy,7.61934956367481,AT,564050000.0,1.0,2034-07-03,EMTN,A-,AT MATURITY,EUR,XS2022093517,8.290212183436,3.475,3.34,3.519,3.432,3.284,3.624,3.425,3.6014421787287505,3.3,3.453,3.242,3.349,7,2.694573579739904,90.68685989888463
Abertis Infraestructuras SA,ABESM,Industrial Other,Industrials,0.1718811219567805,ES,1003451370.0,1.375,2026-05-20,#N/A Field Not Applicable,BBB-,AT MATURITY,EUR,ES0211845302,0.16974674880219,2.437,2.313,2.412,2.302,2.333,2.441,2.276,2.4323797763093107,2.275,2.258,2.281,2.271,10,2.0862217659137565,34.615801039555414
Toyota Motor Finance Netherlands BV,TOYOTA,Automobiles Manufacturing,Consumer Discretionary,0.1935844741898707,JP,566600000.0,2.471,2027-05-27,EMTN,A+,AT MATURITY,EUR,XS3078649756,1.18822724161533,2.413,2.399,2.445,2.401,2.401,2.582,2.455,2.5741129270841094,2.422,2.426,2.421,2.443,5,2.139965092402464,43.41478346816454
Toyota Motor Credit Corp,TOYOTA,Automobiles Manufacturing,Consumer Discretionary,0.3264101936665236,US,1113500000.0,0.25,2026-07-16,EMTN,A+,AT MATURITY,EUR,XS2102948994,0.32580424366872,2.403,2.202,2.235,2.302,2.222,2.237,2.261,2.196314780189029,2.225,2.212,2.168,2.203,5,2.097457905544147,9.885687464488191
JAB Holdings BV,JABHOL,Financial Services,Financials,11.061698241773223,LU,833850000.0,2.25,2039-12-19,#N/A Field Not Applicable,BBB,AT MATURITY,EUR,DE000A2SBDF7,13.7522245037645,4.524,4.379,4.502,4.445,4.325,4.661,4.407,4.663425351589133,4.314,4.451,4.277,4.376,9,2.970584531143051,169.2840820446082
Vodafone Group PLC,VOD,Wireless Telecommunications Services,Communications,4.377527389754886,GB,1120500000.0,1.625,2030-11-24,EMTN,BBB,AT MATURITY,EUR,XS2002018500,4.68446269678302,3.029,2.907,3.191,2.972,2.87,3.339,2.973,3.316135570590963,2.881,2.997,2.841,2.909,9,2.4281259411362077,88.80096294547553
Vodafone Group PLC,VOD,Wireless Telecommunications Services,Communications,7.477102195045198,GB,414176100.0,2.75,2034-12-01,EMTN,BBB,AT MATURITY,EUR,XS1143270343,8.70362765229295,3.782,3.578,3.635,3.697,3.526,3.759,3.634,3.750073454174186,3.516,3.67,3.436,3.596,9,2.7210321697467488,102.9041284427437
Siemens Financieringsmaatschappij NV,SIEGR,Industrial Other,Industrials,8.000597950283913,DE,1104100000.0,0.5,2034-09-05,EMTN,AA-,AT MATURITY,EUR,XS2049616894,8.46543463381246,3.161,3.067,3.213,3.092,3.007,3.283,3.088,3.2745721132301484,3.0,3.15,2.961,3.067,4,2.7057878165639977,56.87842966661507
Volkswagen International Finance NV,VW,Automobiles Manufacturing,Consumer Discretionary,1.5939622369437183,DE,855900000.0,2.625,2027-11-16,#N/A Field Not Applicable,BBB+,AT MATURITY,EUR,XS1910948162,1.66187542778919,2.796,2.523,2.763,2.709,2.495,2.929,2.635,2.89511576978958,2.518,2.605,2.508,2.525,8,2.170950034223135,72.41657355664452
Siemens Financieringsmaatschappij NV,SIEGR,Industrial Other,Industrials,4.68026450268844,DE,910560000.0,1.25,2031-02-28,#N/A Field Not Applicable,AA-,AT MATURITY,EUR,XS1955187858,4.94729637234771,2.701,2.698,2.874,2.653,2.657,3.05,2.686,3.037031793283411,2.658,2.761,2.598,2.694,4,2.4496783025325124,58.735349075089886
SNCF Reseau,RESFER,Transportation & Logistics,Industrials,9.326389849171951,FR,1692150000.0,0.75,2036-05-25,EMTN,A+,AT MATURITY,EUR,XS2022425024,10.1848049281314,3.908,3.746,3.802,3.817,3.638,3.959,3.808,3.9334241471789593,3.595,3.792,3.51,3.727,5,2.809164271047227,112.42598761317323
Volkswagen International Finance NV,VW,Automobiles Manufacturing,Consumer Discretionary,0.1578002962142216,DE,550900000.0,2.5340000000000003,2026-08-14,EMTN,BBB+,AT MATURITY,EUR,XS2880093765,0.405201916495551,2.43,2.333,2.392,2.411,2.34,2.526,2.399,2.5297477307255694,2.359,2.398,2.345,2.377,8,2.1031745379876794,42.657319273789
American Honda Finance Corp,HNDA,Automobiles Manufacturing,Consumer Discretionary,0.1011320654659693,US,541900000.0,3.5,2026-04-24,#N/A Field Not Applicable,A-,AT MATURITY,EUR,XS2756387499,0.0985626283367557,2.267,2.232,2.275,2.218,2.237,2.329,2.216,2.319581596280651,2.254,2.21,2.229,2.224,7,2.081096509240245,23.848508704040583
Iberdrola Finanzas SA,IBESM,Utilities,Utilities,6.00361917370289,ES,952510000.0,3.625,2033-07-13,EMTN,BBB+,AT MATURITY,EUR,XS2648498371,7.31827515400411,3.399,3.308,3.406,3.333,3.229,3.543,3.327,3.53088161,3.227,3.396,3.154,3.33,8,2.627597535934292,90.3284074065708
ENEL Finance International NV,ENELIM,Utilities,Utilities,0.2044932840488172,IT,985450703.6,1.375,2026-06-01,#N/A Field Not Applicable,BBB,AT MATURITY,EUR,XS1425966287,0.202600958247775,2.375,2.261,2.24,2.291,2.296,2.286,2.261,2.346948169265423,2.178,2.205,2.18,2.227,9,2.0885872689938387,25.83609002715841
Telia Co AB,TELIAS,Wireless Telecommunications Services,Communications,6.348125765245388,SE,664226200.0,3.5,2033-09-05,EMTN,BBB+,AT MATURITY,EUR,XS0968972199,7.46611909650924,3.468,3.317,3.484,3.398,3.24,3.663,3.372,3.6277676142155872,3.242,3.409,3.182,3.315,8,2.638094455852156,98.9673158363431
Abertis Infraestructuras SA,ABESM,Industrial Other,Industrials,0.9253921402691409,ES,531800000.0,1.0,2027-02-27,#N/A Field Not Applicable,BBB-,AT MATURITY,EUR,ES0211845310,0.944558521560575,2.377,2.326,2.456,2.36,2.32,2.593,2.371,2.5709681178747634,2.317,2.343,2.323,2.303,10,2.1410164271047227,42.99516907700407
SNCF Reseau,RESFER,Transportation & Logistics,Industrials,1.1287393584857477,FR,727415000.0,1.125,2027-05-19,EMTN,A+,AT MATURITY,EUR,XS1615680151,1.16632443531828,2.433,2.334,2.545,2.377,2.297,2.677,2.392,2.643099157263048,2.319,2.383,2.284,2.341,5,2.1410164271047227,50.2082730158325
Electricite de France SA,EDF,Power Generation,Utilities,0.9550428803812548,FR,1333800000.0,4.125,2027-03-25,EMTN,BBB+,AT MATURITY,EUR,FR0011225143,1.01574264202601,2.398,2.316,2.52,2.373,2.296,2.64,2.375,2.6247872302525543,2.303,2.361,2.295,2.324,8,2.1482443531827515,47.654287706980284
Toyota Motor Credit Corp,TOYOTA,Automobiles Manufacturing,Consumer Discretionary,3.8704158569552582,US,941970000.0,3.85,2030-07-24,EMTN,A+,AT MATURITY,EUR,XS2655865546,4.34770704996578,3.1,2.91,3.148,3.012,2.878,3.333,3.007,3.30747293178197,2.892,3.023,2.862,2.926,5,2.4005119780971937,90.69609536847763
International Business Machines Corp,IBM,Software & Services,Technology,4.543405907103684,US,1431250000.0,1.75,2031-01-31,#N/A Field Not Applicable,A-,AT MATURITY,EUR,XS1945110861,4.87063655030801,3.127,2.991,3.273,3.081,2.938,3.41,3.075,3.382046494955756,2.959,3.071,2.939,3.003,7,2.443392197125257,93.8654297830499
La Poste SA,FRPTT,Transportation & Logistics,Industrials,3.2303235065174047,FR,1267875000.0,0.0,2029-07-18,EMTN,A,AT MATURITY,EUR,FR0014001IO6,3.33196440793977,2.916,2.813,3.02,2.879,2.739,3.255,2.889,3.2171139890964984,2.743,2.889,2.66,2.809,6,2.3125448323066395,90.45691567898588
Volkswagen Financial Services NV,VW,Automobiles Manufacturing,Consumer Discretionary,0.07221029411185584,DE,379990000.0,2.681,2027-07-11,EMTN,BBB+,AT MATURITY,EUR,XS3116722664,1.31143052703628,2.57,2.523,2.54,2.554,2.492,2.679,2.581,2.6634993733453234,2.515,2.534,2.504,2.53,8,2.1421601642710475,52.13392090742759
Diageo Finance PLC,DGELN,Food & Beverage,Consumer Staples,0.0055558332911348485,GB,535350000.0,2.335,2026-06-20,#N/A Field Not Applicable,A-,AT MATURITY,EUR,XS2844409271,0.254620123203285,2.158,2.123,2.172,2.14,2.156,2.286,2.164,2.3072986672857927,2.175,2.157,2.159,2.153,7,2.0923326488706357,21.496601841515695
Deutsche Bahn AG,DBHNGR,Travel & Lodging,Consumer Discretionary,6.152690988839875,DE,649260000.0,3.25,2033-05-19,EMTN,AA+,AT MATURITY,EUR,XS2624017070,7.16769336071184,3.102,2.944,3.001,3.03,2.901,3.156,3.01,3.137233317915595,2.889,3.036,2.792,2.954,2,2.6169062286105405,52.03270893050544
Mercedes-Benz International Finance BV,MBGGR,Automobiles Manufacturing,Consumer Discretionary,1.0980218650302125,DE,1383250000.0,0.625,2027-05-06,EMTN,A,AT MATURITY,EUR,DE000A2R9ZU9,1.13073237508556,2.419,2.394,2.588,2.405,2.405,2.74,2.412,2.7217072966892184,2.405,2.403,2.383,2.371,6,2.142724845995893,57.89824506933252
Volkswagen International Finance NV,VW,Automobiles Manufacturing,Consumer Discretionary,12.31787688694409,DE,364470000.0,1.5,2041-01-21,EMTN,BBB+,AT MATURITY,EUR,XS2289841087,14.8446269678303,4.519,4.372,4.602,4.44,4.362,4.889,4.354,4.928627110292673,4.432,4.386,4.407,4.333,8,3.012095824777551,191.65312855151222
Ayvens SA,AYVFP,Retail - Consumer Discretionary,Consumer Discretionary,4.344983248720809,FR,545250000.0,4.0,2031-01-24,#N/A Field Not Applicable,A-,AT MATURITY,EUR,FR001400NC88,4.85147159479808,3.244,3.052,3.246,3.18,2.994,3.379,3.164,3.3555008783561453,2.994,3.185,2.916,3.061,7,2.441820670773443,91.36802075827023
Verizon Communications Inc,VZ,Wireless Telecommunications Services,Communications,9.59703874657996,US,1738500000.0,2.875,2038-01-15,20Y,BBB+,AT MATURITY,EUR,XS1708335978,11.8275154004107,4.117,3.956,4.066,4.046,3.906,4.262,4.02,4.2443242711339675,3.914,4.042,3.913,3.965,8,2.895375770020535,134.89485011134326
Coca-Cola Co/The,KO,Food & Beverage,Consumer Staples,4.6926730485586505,US,843000000.0,1.25,2031-03-08,#N/A Field Not Applicable,A+,AT MATURITY,EUR,XS1955024986,4.96919917864476,2.986,2.937,3.118,2.946,2.87,3.248,2.981,3.2177085805803647,2.872,3.014,2.845,2.934,5,2.4514743326488704,76.62342479314943
OMV AG,OMVAV,Integrated Oils,Energy,4.042237320196799,AT,845100000.0,0.75,2030-06-16,EMTN,A-,AT MATURITY,EUR,XS2189613982,4.24366872005476,2.775,2.723,2.935,2.758,2.666,3.122,2.785,3.098883789570795,2.678,2.829,2.615,2.744,7,2.39198083504449,70.69029545263047
E.ON International Finance BV,EOANGR,Utilities,Utilities,5.735303131942611,DE,646440000.0,5.75,2033-02-14,EMTN,BBB+,AT MATURITY,EUR,XS0162513211,6.91033538672142,3.426,3.313,3.461,3.363,3.238,3.597,3.368,3.573727766684877,3.248,3.416,3.188,3.325,8,2.598364818617385,97.53629480674917
Electricite de France SA,EDF,Power Generation,Utilities,3.58319584457952,FR,1986900000.0,4.625,2030-04-26,EMTN,BBB+,AT MATURITY,EUR,FR0010891317,4.10403832991102,3.025,2.854,3.088,2.965,2.799,3.234,2.946,3.2214242136476887,2.813,2.966,2.777,2.867,8,2.3805311430527034,84.08930705949854
PACCAR Financial Europe BV,PCAR,Transportation & Logistics,Industrials,1.3829957223498048,US,332460000.0,3.0,2027-08-29,EMTN,A+,AT MATURITY,EUR,XS2887887078,1.44558521560575,2.452,2.37,2.51,2.418,2.346,2.729,2.419,2.6953657955815182,2.35,2.425,2.322,2.372,5,2.153429158110883,54.19366374706351
Ferrovie dello Stato Italiane SpA,FERROV,Travel & Lodging,Consumer Discretionary,5.907591732205304,IT,538350000.0,4.5,2033-05-23,EMTN,BBB+,AT MATURITY,EUR,XS2627121507,7.17864476386037,3.497,3.337,3.428,3.413,3.26,3.538,3.389,3.512367804718854,3.245,3.436,3.16,3.33,8,2.6176837782340865,89.46840264847675
Eni SpA,ENIIM,Integrated Oils,Energy,7.869106435571695,IT,828825000.0,1.0,2034-10-11,EMTN,A-,AT MATURITY,EUR,XS2065946837,8.56399726214921,3.667,3.467,3.564,3.591,3.394,3.758,3.55,3.754280545242516,3.397,3.579,3.338,3.488,7,2.7120958247775495,104.21847204649666
Telefonica Emisiones SA,TELEFO,Wireline Telecommunications Services,Communications,3.311893241447305,ES,1021680000.0,2.932,2029-10-17,EMTN,BBB-,AT MATURITY,EUR,XS1120892507,3.58110882956879,2.881,2.769,3.031,2.828,2.734,3.15,2.831,3.1195097467451727,2.753,2.852,2.724,2.777,10,2.3347186858316222,78.47910609135505
Repsol International Finance BV,REPSM,Integrated Oils,Energy,0.7189235730028374,ES,621400000.0,2.25,2026-12-10,EMTN,BBB+,AT MATURITY,EUR,XS1148073205,0.728268309377139,2.304,2.248,2.334,2.264,2.244,2.41,2.271,2.3927247547209194,2.246,2.259,2.249,2.236,8,2.1316098562628336,26.111489845808578
BMW Finance NV,BMW,Automobiles Manufacturing,Consumer Discretionary,0.8107605098839387,DE,834825000.0,0.375,2027-01-14,EMTN,A,AT MATURITY,EUR,XS2102357014,0.824093086926763,2.401,2.253,2.363,2.354,2.234,2.497,2.325,2.480058796469219,2.241,2.27,2.232,2.222,6,2.1314435318275153,34.86152646417038
Netflix Inc,NFLX,Entertainment Content,Communications,3.361783283838518,US,1341720000.0,3.875,2029-11-15,REGs,A-,AT MATURITY,EUR,XS1989380172,3.66050650239562,2.997,2.852,3.031,2.888,2.814,3.253,2.868,3.22793424434118,2.836,2.955,2.741,2.867,7,2.34178507871321,88.614916562797
TotalEnergies Capital International SA,TTEFP,Integrated Oils,Energy,0.019168082419986496,FR,1520970000.0,2.5,2026-03-25,EMTN,A+,AT MATURITY,EUR,XS1048519679,0.0164271047227926,2.24,2.18,2.489,2.172,2.196,2.841,2.158,2.72023370612592,2.259,2.121,2.28,2.168,5,2.07518275154004,64.505095458588
Snam SpA,SRGIM,Utilities,Utilities,0.5967953961531954,IT,1361375000.0,0.875,2026-10-25,EMTN,BBB+,AT MATURITY,EUR,XS1505573482,0.602327173169062,2.308,2.275,2.37,2.292,2.267,2.43,2.29,2.4032438792604656,2.271,2.265,2.28,2.248,8,2.1173675564681727,28.58763227922929
Vodafone Group PLC,VOD,Wireless Telecommunications Services,Communications,1.3013551078282302,GB,415836214.2,1.5,2027-07-24,EMTN,BBB,AT MATURITY,EUR,XS1652855815,1.34702258726899,2.422,2.299,2.493,2.375,2.296,2.672,2.391,2.642450206441143,2.305,2.389,2.244,2.338,9,2.145149897330595,49.73003091105479
Siemens Financieringsmaatschappij NV,SIEGR,Industrial Other,Industrials,5.660273078122291,DE,809475000.0,0.5,2032-02-20,EMTN,AA-,AT MATURITY,EUR,XS2118273601,5.92470910335387,2.934,2.875,3.098,2.899,2.859,3.325,2.91,3.297031095572152,2.86,2.948,2.803,2.857,4,2.5252026009582482,77.18284946139038
Deutsche Bahn AG,DBHNGR,Travel & Lodging,Consumer Discretionary,2.6445996875832494,DE,1135800000.0,1.125,2028-12-18,EMTN,AA+,AT MATURITY,EUR,XS1936139770,2.75154004106776,2.505,2.42,2.657,2.431,2.387,2.862,2.44,2.8229340636403477,2.392,2.474,2.321,2.405,2,2.2618809034907597,56.1053160149588
Robert Bosch GmbH,RBOSGR,Auto Parts Manufacturing,Consumer Discretionary,10.21692943154492,DE,340075000.0,2.95,2039-07-11,DIP,A,AT MATURITY,EUR,XS1084874533,13.3114305270363,4.586,4.433,4.496,4.489,4.376,4.683,4.436,4.699847460024029,4.366,4.494,4.287,4.421,6,2.953834360027379,174.60130999966498
RCI Banque SA,RENAUL,Automobiles Manufacturing,Consumer Discretionary,0.245853714686405,FR,443360000.0,2.86,2026-09-14,EMTN,BBB,AT MATURITY,EUR,FR001400SMX8,0.490075290896646,2.514,2.469,2.453,2.489,2.475,2.577,2.512,2.5637000769771734,2.442,2.509,2.437,2.504,9,2.109285420944558,45.44146560326152
Mercedes-Benz Group AG,MBGGR,Automobiles Manufacturing,Consumer Discretionary,9.470597865063299,DE,1589980000.0,2.125,2037-07-03,EMTN,A,AT MATURITY,EUR,DE000A2GSCX1,11.2908966461328,3.785,3.63,3.788,3.709,3.618,4.005,3.669,3.999546580499424,3.617,3.725,3.572,3.638,6,2.86854483230664,113.10017481927841
Mercedes-Benz Group AG,MBGGR,Automobiles Manufacturing,Consumer Discretionary,7.662758421604536,DE,560250000.0,1.125,2034-08-08,EMTN,A,AT MATURITY,EUR,DE000A2YNZY4,8.38877481177276,3.54,3.348,3.505,3.451,3.332,3.7,3.408,3.6914484566456736,3.332,3.424,3.274,3.336,6,2.700881587953457,99.05668686922166
Deutsche Bahn AG,DBHNGR,Travel & Lodging,Consumer Discretionary,3.1528410929332265,DE,961265000.0,0.375,2029-06-23,EMTN,AA+,AT MATURITY,EUR,XS2193666042,3.26351813826146,2.642,2.506,2.718,2.574,2.445,2.862,2.564,2.83118767669554,2.456,2.596,2.378,2.518,2,2.30645311430527,52.473456239026994
Telefonica Europe BV,TELEFO,Wireline Telecommunications Services,Communications,5.707834813599514,ES,538700000.0,5.875,2033-02-14,EMTN,BBB-,AT MATURITY,EUR,XS0162869076,6.91033538672142,3.523,3.41,3.585,3.452,3.35,3.75,3.432,3.7292551906814526,3.346,3.481,3.288,3.399,10,2.598364818617385,113.08903720640674
Mercedes-Benz Group AG,MBGGR,Automobiles Manufacturing,Consumer Discretionary,1.6085299064643572,DE,1179800000.0,1.0,2027-11-15,EMTN,A,AT MATURITY,EUR,DE000A2GSLY0,1.65913757700205,2.466,2.362,2.618,2.441,2.367,2.794,2.446,2.7610262828444987,2.357,2.438,2.34,2.357,6,2.170731006160164,59.02952766843348
Ferrovie dello Stato Italiane SpA,FERROV,Travel & Lodging,Consumer Discretionary,1.949627340914612,IT,1177500000.0,0.375,2028-03-25,EMTN,BBB+,AT MATURITY,EUR,XS2324772453,2.01779603011636,2.6,2.497,2.764,2.526,2.469,2.976,2.543,2.968408756864666,2.492,2.562,2.431,2.485,8,2.1995126625598904,76.88960943047758
Caterpillar Financial Services Corp,CAT,Machinery Manufacturing,Industrials,0.4604205335880305,US,858400000.0,3.742,2026-09-04,EMTN,A,AT MATURITY,EUR,XS2623668634,0.462696783025325,2.283,2.245,2.379,2.29,2.216,2.498,2.288,2.4868640965849504,2.261,2.262,2.254,2.235,6,2.1073141683778234,37.954992820712704
International Business Machines Corp,IBM,Software & Services,Technology,12.06026241553125,US,928370000.0,1.2,2040-02-11,#N/A Field Not Applicable,A-,AT MATURITY,EUR,XS2115092012,13.9000684462697,4.2,4.027,4.158,4.128,3.974,4.344,4.076,4.348839177276553,3.974,4.116,3.957,4.036,7,2.9762026009582483,137.2636576318305
Deutsche Telekom AG,DT,Wireless Telecommunications Services,Communications,17.315598310397526,DE,790575500.0,1.75,2049-12-09,EMTN,BBB+,AT MATURITY,EUR,XS2089226026,23.7262149212868,4.357,4.262,4.264,4.287,4.208,4.372,4.231,4.384580662500968,4.208,4.302,4.145,4.262,8,3.124395345653662,126.01853168473056
Vinci SA,DGFP,Industrial Other,Industrials,0.1909179174399893,FR,341490000.0,2.371,2026-11-26,EMTN,A-,AT MATURITY,EUR,FR001400ZZ61,0.68993839835729,2.34,2.314,2.254,2.342,2.229,2.407,2.373,2.38537251436744,2.219,2.359,2.224,2.33,7,2.125630390143737,25.9742124223703
Procter & Gamble Co/The,PG,Consumer Products,Consumer Staples,4.775203446953134,US,715000000.0,3.25,2031-08-02,#N/A Field Not Applicable,AA-,AT MATURITY,EUR,XS2617256149,5.37166324435318,2.959,2.857,3.032,2.892,2.802,3.152,2.909,3.123382040295162,2.803,2.93,2.77,2.852,4,2.482618069815195,64.07639704799672
Eni SpA,ENIIM,Integrated Oils,Energy,0.166451651643271,IT,1090900000.0,1.25,2026-05-18,EMTN,A-,AT MATURITY,EUR,XS2176783319,0.164271047227926,2.425,2.319,2.353,2.373,2.317,2.419,2.327,2.41439840463306,2.276,2.27,2.26,2.261,7,2.0858275154004096,32.85708892326507
Procter & Gamble Co/The,PG,Consumer Products,Consumer Staples,1.0728139665176033,US,1351200000.0,4.875,2027-05-11,#N/A Field Not Applicable,AA-,AT MATURITY,EUR,XS0300113254,1.14442162902122,2.417,2.281,2.578,2.352,2.259,2.789,2.348,2.7539357037295358,2.284,2.369,2.242,2.285,4,2.1420677618069814,61.186794192255434
EnBW International Finance BV,ENBW,Utilities,Utilities,9.149534760671463,DE,836640000.0,6.125,2039-07-07,EmTN,BBB+,AT MATURITY,EUR,XS0438844093,13.3004791238877,4.084,3.932,3.942,4.01,3.841,4.08,3.969,4.064469434117324,3.851,4.001,3.785,3.931,8,2.9534182067077324,111.10512274095919
John Deere Capital Corp,DE,Machinery Manufacturing,Industrials,5.481008844800849,US,980010000.0,3.45,2032-07-16,EMTN,A,AT MATURITY,EUR,XS2856698126,6.32717316906229,3.263,3.138,3.223,3.197,3.079,3.394,3.174,3.39896984025434,3.053,3.211,2.991,3.12,6,2.5552108145106094,84.37590257437306
Deutsche Telekom AG,DT,Wireless Telecommunications Services,Communications,0.019168903172210688,DE,484825938.5,0.875,2026-03-25,EMTN,BBB+,AT MATURITY,EUR,DE000A2TSDD4,0.0164271047227926,2.34,2.186,2.438,2.202,2.189,2.452,2.176,2.496857996096081,2.256,2.183,2.236,2.155,8,2.07518275154004,42.16752445560412
Mercedes-Benz Group AG,MBGGR,Automobiles Manufacturing,Consumer Discretionary,3.1093722686490066,DE,1703550000.0,1.5,2029-07-03,EMTn,A,AT MATURITY,EUR,DE000A2GSCW3,3.29089664613279,2.697,2.597,2.794,2.684,2.605,3.006,2.686,2.992228539412843,2.631,2.649,2.6,2.595,6,2.3088898015058184,68.33387379070248
GE Capital European Funding Unlimited Co,GE,Aerospace & Defense,Industrials,8.777363514886476,US,744930819.3,6.025,2038-03-01,EMTN,A-,AT MATURITY,EUR,XS0350890470,11.9507186858316,3.711,3.671,3.776,3.661,3.623,3.996,3.638,3.9576509755902016,3.601,3.742,3.548,3.682,7,2.90153593429158,105.61150412986215
Caterpillar Financial Services Corp,CAT,Machinery Manufacturing,Industrials,1.3946280611307234,US,886800000.0,3.023,2027-09-03,EMTN,A,AT MATURITY,EUR,XS2889374356,1.45927446954141,2.467,2.305,2.586,2.414,2.27,2.81,2.429,2.803850420563934,2.304,2.398,2.293,2.314,6,2.1545790554414785,64.92713651224555
Coca-Cola Co/The,KO,Food & Beverage,Consumer Staples,2.901926523372476,US,1186600000.0,0.125,2029-03-15,#N/A Field Not Applicable,A+,AT MATURITY,EUR,XS2233154538,2.98973305954825,2.76,2.6,2.799,2.712,2.546,2.987,2.732,2.9612145954578155,2.578,2.729,2.531,2.634,5,2.2821273100616013,67.90872853962142
BP Capital Markets PLC,BPLN,Integrated Oils,Energy,4.782908105698471,US,1230790000.0,1.231,2031-05-08,EMTN,A,AT MATURITY,EUR,XS1992927902,5.13620807665982,3.203,3.105,3.327,3.168,3.063,3.449,3.168,3.41540342568568,3.075,3.209,3.047,3.118,6,2.4644880219028065,95.09154037828735
PACCAR Financial Europe BV,PCAR,Transportation & Logistics,Industrials,2.0310120901824638,US,393225000.0,2.75,2028-05-19,EMTn,A+,AT MATURITY,EUR,XS3074379457,2.16837782340862,2.665,2.564,2.81,2.627,2.531,2.94,2.622,2.9088558680250425,2.547,2.644,2.491,2.57,5,2.2123121149897327,69.65437530353098
Deutsche Bahn AG,DBHNGR,Travel & Lodging,Consumer Discretionary,1.0288276356275543,DE,984240000.0,0.5,2027-04-09,EMTN,AA+,AT MATURITY,EUR,XS2152932542,1.05681040383299,2.34,2.233,2.407,2.324,2.22,2.579,2.334,2.563073820143501,2.243,2.279,2.233,2.238,2,2.1462731006160163,41.680071952748456
Vinci SA,DGFP,Industrial Other,Industrials,0.07489692323344609,FR,308640000.0,2.37,2027-01-14,EMTN,A-,AT MATURITY,EUR,FR001400WL94,0.824093086926763,2.339,2.279,2.358,2.317,2.292,2.465,2.33,2.4654070192885382,2.327,2.326,2.313,2.317,7,2.1314435318275153,33.39634874610229
Telia Co AB,TELIAS,Wireless Telecommunications Services,Communications,8.014434803562414,SE,566600000.0,1.625,2035-02-23,EMTN,BBB+,AT MATURITY,EUR,XS1193213953,8.93360711841205,3.664,3.554,3.635,3.586,3.472,3.806,3.554,3.790890666947001,3.458,3.62,3.388,3.547,8,2.7357508555783716,105.51398113686292
Mercedes-Benz International Finance BV,MBGGR,Automobiles Manufacturing,Consumer Discretionary,0.4257648808780533,DE,1361000000.0,2.0,2026-08-22,EMTN,A,AT MATURITY,EUR,DE000A289XJ2,0.427104722792608,2.322,2.252,2.345,2.298,2.244,2.395,2.277,2.387338925016497,2.247,2.245,2.24,2.224,6,2.1047515400410672,28.258738497542968
BP Capital Markets BV,BPLN,Integrated Oils,Energy,12.878071694923232,US,910800000.0,0.933,2040-12-04,EMTN,A,AT MATURITY,EUR,XS2270147924,14.7132101300479,4.372,4.272,4.294,4.303,4.197,4.454,4.285,4.449526733543024,4.175,4.337,4.132,4.27,6,3.00710198494182,144.2424748601204
Deutsche Bahn AG,DBHNGR,Travel & Lodging,Consumer Discretionary,2.765179261011411,DE,695800000.0,2.75,2029-03-19,EMTN,AA+,AT MATURITY,EUR,XS1045386494,3.00068446269678,2.511,2.371,2.643,2.438,2.334,2.872,2.424,2.871875980913586,2.341,2.462,2.29,2.388,2,2.283060917180013,58.8815063733573
BMW International Investment BV,BMW,Automobiles Manufacturing,Consumer Discretionary,0.061100678318187,DE,765940000.0,2.482,2026-10-09,EMTN,A,AT MATURITY,EUR,XS2915279140,0.558521560574949,2.256,2.216,2.261,2.236,2.222,2.368,2.244,2.378043241859004,2.238,2.256,2.235,2.242,6,2.1142135523613965,26.38296894976073
Deutsche Bahn AG,DBHNGR,Travel & Lodging,Consumer Discretionary,6.7963358448595015,DE,534550000.0,3.375,2034-04-24,EMTN,AA+,AT MATURITY,EUR,XS2808189760,8.09856262833676,3.138,2.987,3.149,3.04,2.953,3.281,3.011,3.2525466192059374,2.962,3.059,2.897,2.976,2,2.682308008213553,57.023861099238445
East Japan Railway Co,EJRAIL,Travel & Lodging,Consumer Discretionary,5.538906801255756,JP,643800000.0,3.976,2032-09-05,EMTN,A+,AT MATURITY,EUR,XS2673433814,6.46680355920602,3.297,3.192,3.276,3.248,3.154,3.426,3.217,3.4330392514540256,3.145,3.259,3.104,3.208,5,2.5655434633812457,86.74957880727798
Deutsche Bahn AG,DBHNGR,Travel & Lodging,Consumer Discretionary,19.377884521095933,DE,1184900000.0,1.125,2051-05-29,EMTN,AA+,AT MATURITY,EUR,XS2357951164,25.1937029431896,4.179,4.095,4.065,4.115,4.032,4.186,4.064,4.1981181275252935,3.999,4.147,3.925,4.104,2,3.129922518822724,106.81956087025695
SES SA,SESGFP,Wireless Telecommunications Services,Communications,1.1244743543130054,LU,173096000.0,4.0,2027-05-31,EMTN,BB+,AT MATURITY,EUR,XS0786606789,1.19917864476386,3.788,3.412,3.326,3.731,3.373,3.49,3.737,3.55388367092444,3.247,3.665,3.37,3.476,11,2.139439425051335,141.4444245873105
Cadent Finance PLC,CDTFIN,Utilities,Utilities,5.909060780280605,GB,680000000.0,3.75,2033-04-16,EMTN,BBB+,AT MATURITY,EUR,XS2801122917,7.07734428473648,3.7,3.565,3.668,3.633,3.483,3.827,3.609,3.819127262774809,3.477,3.666,3.411,3.587,8,2.61049144421629,120.86358185585189
OMV AG,OMVAV,Integrated Oils,Energy,1.942869130839028,AT,546800000.0,2.0,2028-04-09,EMTN,A-,AT MATURITY,EUR,XS2154347707,2.05886379192334,2.414,2.382,2.719,2.413,2.359,3.002,2.432,2.987852961830107,2.396,2.428,2.357,2.387,7,2.203003422313484,78.48495395166228
Orange SA,ORAFP,Wireless Telecommunications Services,Communications,5.454227784090872,FR,1624200000.0,8.125,2033-01-28,EMTN,BBB+,AT MATURITY,EUR,FR0000471930,6.86379192334018,3.402,3.266,3.42,3.355,3.205,3.583,3.341,3.5601502878454863,3.204,3.368,3.139,3.281,8,2.594920602327173,96.52296855183131
BMW Finance NV,BMW,Automobiles Manufacturing,Consumer Discretionary,5.504007844387293,DE,556550000.0,0.875,2032-01-14,EMTN,A,AT MATURITY,EUR,XS2102357105,5.82340862422998,3.011,2.926,3.165,2.946,2.898,3.362,2.932,3.3296725617602703,2.913,3.014,2.848,2.94,6,2.5174024640657087,81.22700976945616
Mercedes-Benz International Finance BV,MBGGR,Automobiles Manufacturing,Consumer Discretionary,0.2349410593636804,DE,574500000.0,2.438,2027-06-11,EMTN,A,AT MATURITY,EUR,DE000A4ECAU6,1.22929500342231,2.325,2.279,2.322,2.312,2.278,2.44,2.324,2.4423118905575225,2.298,2.328,2.287,2.307,6,2.137993839835729,30.43180507217933
BP Capital Markets PLC,BPLN,Integrated Oils,Energy,1.9220559285527856,US,1089600000.0,2.519,2028-04-07,EMTN,A,AT MATURITY,EUR,XS2135799679,2.05338809034908,2.614,2.503,2.772,2.607,2.475,3.118,2.614,3.0696384580214486,2.507,2.585,2.496,2.501,6,2.202537987679672,86.71004703417768
Volvo Treasury AB,VLVY,Transportation & Logistics,Industrials,0.1797907827836518,SE,867440000.0,2.404,2026-05-22,EMTN,A,AT MATURITY,EUR,XS2824777267,0.175222450376454,2.278,2.141,2.233,2.255,2.258,2.357,2.272,2.355885458556409,2.271,2.266,2.059,2.252,6,2.0866160164271035,26.926944212930557
International Business Machines Corp,IBM,Software & Services,Technology,2.994544771556488,US,1119200000.0,1.5,2029-05-23,#N/A Field Not Applicable,A-,AT MATURITY,EUR,XS1617845679,3.17864476386037,2.692,2.657,2.941,2.697,2.646,3.202,2.703,3.17804491127012,2.679,2.675,2.712,2.652,7,2.298899383983573,87.91455272865471
Hera SpA,HERIM,Utilities,Utilities,1.7670201902798972,IT,651935936.0,5.2,2028-01-29,EMTN,BBB+,AT MATURITY,EUR,XS0880764435,1.86447638603696,2.663,2.511,2.772,2.617,2.49,3.043,2.622,3.00090240968292,2.51,2.593,2.468,2.516,8,2.1871581108829568,81.37442987999633
BHP Billiton Finance Ltd,BHP,Metals & Mining,Materials,6.07696541273586,AU,986850000.0,3.125,2033-04-29,13,A,AT MATURITY,EUR,XS0924998809,7.1129363449692,3.475,3.289,3.466,3.444,3.249,3.612,3.407,3.647182139303865,3.256,3.413,3.229,3.297,6,2.6130184804928134,103.41636588110515
Aurizon Network Pty Ltd,AZJAU,Transportation & Logistics,Industrials,0.2044679985173853,AU,558700000.0,3.125,2026-06-01,EMTN,BBB+,AT MATURITY,EUR,XS1418788599,0.202600958247775,2.369,2.226,2.339,2.343,2.324,2.404,2.315,2.4074220297589974,2.326,2.344,2.328,2.261,8,2.0885872689938387,31.88347607651587
Coca-Cola Co/The,KO,Food & Beverage,Consumer Staples,6.671516533296293,US,889950000.0,0.375,2033-03-15,#N/A Field Not Applicable,A+,AT MATURITY,EUR,XS2233155261,6.98973305954825,3.327,3.204,3.352,3.277,3.157,3.501,3.284,3.469154579483015,3.155,3.291,3.101,3.198,5,2.6042402464065706,86.49143330764444
Cie de Saint-Gobain SA,SGOFP,Construction Materials Manufacturing,Materials,1.1943720483531908,FR,845475000.0,1.375,2027-06-14,EMtn,BBB+,AT MATURITY,EUR,XS1627193359,1.23750855578371,2.424,2.403,2.587,2.403,2.375,2.794,2.428,2.7610704562857507,2.399,2.437,2.396,2.4,8,2.137599589322382,62.34708669633689
Shell International Finance BV,RDSALN,Integrated Oils,Energy,6.1642413878707965,US,1080800000.0,1.25,2032-11-11,EMTN,AA-,AT MATURITY,EUR,XS2170386853,6.65023956194387,3.357,3.166,3.301,3.311,3.1,3.448,3.287,3.4176181553639378,3.106,3.263,3.038,3.152,4,2.5791177275838466,83.85004277800911
CEZ AS,CEZCP,Power Generation,Utilities,2.068468026103888,CZ,948952500.0,3.0,2028-06-05,EMTN,BBB+,AT MATURITY,EUR,XS0940293763,2.21492128678987,2.759,2.602,2.757,2.723,2.569,2.986,2.708,2.9721144798690187,2.565,2.688,2.506,2.627,8,2.216268309377139,75.58461704918797
BMW US Capital LLC,BMW,Automobiles Manufacturing,Consumer Discretionary,0.116293190940415,DE,521050000.0,2.4090000000000003,2027-01-29,EMTN,A,AT MATURITY,EUR,DE000A4D6AJ5,0.865160848733744,2.324,2.292,2.437,2.309,2.33,2.563,2.332,2.5799543319550424,2.351,2.342,2.344,2.344,6,2.1332915811088293,44.66627508462131
Verizon Communications Inc,VZ,Wireless Telecommunications Services,Communications,2.5108602477480195,US,1176553380.0,1.375,2028-11-02,#N/A Field Not Applicable,BBB+,AT MATURITY,EUR,XS1405766624,2.62559890485969,2.628,2.601,2.764,2.623,2.615,3.029,2.646,2.986058352919822,2.64,2.607,2.635,2.564,8,2.2511759069130735,73.48824460067488
La Poste SA,FRPTT,Transportation & Logistics,Industrials,0.5864612126195466,FR,948850000.0,0.625,2026-10-21,EMTN,A,AT MATURITY,EUR,FR0013508686,0.591375770020534,2.413,2.207,2.254,2.295,1.888,2.318,2.226,2.311496140412153,2.049,2.212,2.143,2.182,6,2.1165790554414787,19.491708497067428
Robert Bosch Investment Nederland BV,RBOSGR,Auto Parts Manufacturing,Consumer Discretionary,6.159659284488599,DE,323250000.0,2.979,2033-05-27,EMTN,A,AT MATURITY,EUR,XS0937160272,7.1895961670089,3.713,3.569,3.733,3.63,3.56,3.87,3.592,3.869585554131456,3.506,3.645,3.461,3.569,6,2.618461327857632,125.1124226273824
Eni SpA,ENIIM,Integrated Oils,Energy,2.684486714678996,IT,1366300000.0,3.625,2029-01-29,EMTN,A-,AT MATURITY,EUR,XS1023703090,2.86652977412731,2.812,2.62,2.851,2.752,2.594,3.047,2.73,3.0257221693069862,2.607,2.751,2.569,2.654,7,2.2716550308008214,75.40671385061648
Mercedes-Benz International Finance BV,MBGGR,Automobiles Manufacturing,Consumer Discretionary,0.1718661830798244,DE,553700000.0,2.491,2027-08-19,EMTN,A,AT MATURITY,EUR,DE000A3L2RQ4,1.41820670773443,2.349,2.308,2.353,2.334,2.307,2.474,2.343,2.473959096474237,2.32,2.347,2.316,2.333,6,2.151129363449692,32.282973302454465
Deutsche Bahn AG,DBHNGR,Travel & Lodging,Consumer Discretionary,9.53833941147788,DE,540600000.0,3.375,2038-01-29,EMTN,AA+,AT MATURITY,EUR,XS2755487076,11.8658453114305,3.645,3.493,3.569,3.549,3.417,3.727,3.498,3.7194285527776745,3.4,3.538,3.329,3.486,2,2.897292265571525,82.21362872061495
SNCF Reseau,RESFER,Transportation & Logistics,Industrials,12.145085881731276,FR,2414475000.0,3.3,2042-12-18,EMTN,A+,AT MATURITY,EUR,XS0866276800,16.7501711156742,4.49,4.355,4.34,4.412,4.246,4.504,4.384,4.489166716088902,4.189,4.364,4.109,4.327,5,3.0495030800821357,143.96636360067663
John Deere Bank SA,DE,Machinery Manufacturing,Industrials,0.4874788435726152,US,599820000.0,2.5,2026-09-14,EMtN,A,AT MATURITY,EUR,XS2531438351,0.490075290896646,2.273,2.192,2.33,2.257,2.176,2.39,2.229,2.3593303374784727,2.203,2.195,2.185,2.17,6,2.109285420944558,25.004491653391447
Emirates Telecommunications Group Co PJSC,ETISLT,Wireless Telecommunications Services,Communications,0.2501471490958858,AE,1629000000.0,2.75,2026-06-18,GMTn,AA-,AT MATURITY,EUR,XS1077882394,0.249144421629021,2.459,2.149,2.595,2.456,2.032,3.117,2.258,3.0255697607639767,1.937,2.253,2.085,2.293,4,2.091938398357289,93.36313624066878
Tesco PLC,TSCOLN,Supermarkets & Pharmacies,Consumer Staples,12.465472631973954,GB,197490469.5,5.125,2047-04-10,EMTN,BBB-,AT MATURITY,EUR,XS0295018070,21.0595482546201,4.64,4.462,4.487,4.538,4.394,4.628,4.487,4.605078834543586,4.361,4.534,4.286,4.462,10,3.1126620123203286,149.24168222232575
Coca-Cola Europacific Partners PLC,CCEP,Food & Beverage,Consumer Staples,0.2130165603146401,GB,341190000.0,2.393,2027-06-03,EMTN,A-,AT MATURITY,EUR,XS3085615345,1.20739219712526,2.306,2.26,2.315,2.291,2.264,2.434,2.297,2.4350682852558934,2.288,2.306,2.284,2.299,7,2.1390451745379875,29.602311071790588
John Deere Bank SA,DE,Machinery Manufacturing,Industrials,3.2848653724269483,US,643860000.0,3.3,2029-10-15,EMTN,A,AT MATURITY,EUR,XS2845057780,3.57563312799452,2.886,2.69,2.995,2.824,2.661,3.227,2.801,3.223625271351915,2.677,2.762,2.67,2.688,6,2.334231348391512,88.93939229604028
Toyota Finance Australia Ltd,TOYOTA,Automobiles Manufacturing,Consumer Discretionary,0.2099902595461334,AU,314640000.0,2.443,2026-12-02,EMTN,A+,AT MATURITY,EUR,XS2953611584,0.706365503080082,2.273,2.379,2.5,2.261,2.451,2.579,2.269,2.58407489176432,2.263,2.29,2.247,2.271,5,2.1281930184804927,45.58818732838272
Ayvens SA,AYVFP,Retail - Consumer Discretionary,Consumer Discretionary,0.673345419558281,FR,545300000.0,4.375,2026-11-23,#N/A Field Not Applicable,A-,AT MATURITY,EUR,FR001400M8T2,0.681724845995893,2.367,2.27,2.402,2.346,2.296,2.504,2.317,2.5121863889242224,2.279,2.299,2.297,2.27,7,2.1243490759753594,38.7837312948863
Deutsche Bahn AG,DBHNGR,Travel & Lodging,Consumer Discretionary,1.437439293582249,DE,644100000.0,3.5,2027-09-20,EMTN,AA+,AT MATURITY,EUR,XS2689049059,1.50581793292266,2.43,2.282,2.509,2.375,2.25,2.738,2.378,2.684689961420915,2.268,2.38,2.246,2.301,2,2.1584654346338126,52.62245267871024
Deutsche Bahn AG,DBHNGR,Travel & Lodging,Consumer Discretionary,9.347411162927326,DE,809700000.0,3.625,2037-12-18,EMTN,AA+,AT MATURITY,EUR,XS2577042893,11.750855578371,3.577,3.437,3.536,3.473,3.38,3.673,3.42,3.6608947940484993,3.383,3.481,3.304,3.416,2,2.89154277891855,76.93520151299494
Shell International Finance BV,RDSALN,Integrated Oils,Energy,5.383283690388618,US,1102000000.0,0.5,2031-11-08,EMTN,AA-,AT MATURITY,EUR,XS2078735276,5.63997262149213,3.103,3.019,3.157,3.097,2.946,3.349,3.111,3.318017725013834,2.954,3.106,2.906,3.017,4,2.503277891854894,81.47398331589399
Eni SpA,ENIIM,Integrated Oils,Energy,0.8185836610484538,IT,802425000.0,1.5,2027-01-17,EMTN,A-,AT MATURITY,EUR,XS1551068676,0.832306639288159,2.353,2.297,2.411,2.345,2.294,2.511,2.351,2.4900929824810545,2.31,2.297,2.306,2.27,7,2.1310492813141684,35.90437011668861
SNCF Reseau,RESFER,Transportation & Logistics,Industrials,15.487406389745344,FR,1570725000.0,2.25,2047-12-20,EMTN,A+,AT MATURITY,EUR,XS1648462023,21.7549623545517,4.626,4.512,4.455,4.56,4.404,4.61,4.523,4.6027977282676655,4.344,4.507,4.264,4.478,5,3.1157218343600275,148.70758939076381
Airbus SE,AIRFP,Aerospace & Defense,Industrials,3.3904450111597284,FR,636700000.0,2.125,2029-10-29,EMTN,A,AT MATURITY,EUR,XS1128224703,3.61396303901437,2.644,2.508,2.802,2.589,2.496,2.988,2.575,2.967187140392713,2.495,2.587,2.457,2.51,6,2.337642710472279,62.954442992043404
3M Co,MMM,Industrial Other,Industrials,3.847477414347375,US,554900000.0,1.75,2030-05-15,EMTN,BBB+,AT MATURITY,EUR,XS1234373733,4.15605749486653,3.079,2.957,3.221,3.036,2.898,3.51,3.025,3.483426484463764,2.907,3.039,2.871,2.955,8,2.384796714579055,109.86297698847088
Procter & Gamble Co/The,PG,Consumer Products,Consumer Staples,2.5101431277475457,US,907920000.0,1.2,2028-10-30,#N/A Field Not Applicable,AA-,AT MATURITY,EUR,XS1900752814,2.61738535249829,2.534,2.461,2.806,2.489,2.45,2.938,2.489,2.893374906033243,2.485,2.49,2.483,2.458,4,2.2504777549623545,64.28971510708888
BP Capital Markets BV,BPLN,Integrated Oils,Energy,12.83769431684756,US,879600000.0,1.467,2041-09-21,#N/A Field Not Applicable,A,AT MATURITY,EUR,XS2388557998,15.5099247091034,4.405,4.309,4.318,4.349,4.232,4.475,4.317,4.46793927980834,4.218,4.366,4.181,4.309,6,3.027178644763861,144.07606350444792
Vonovia SE,ANNGR,Real Estate,Financials,0.2288894728179748,DE,500968760.0,1.5,2026-06-10,EMTN,BBB+,AT MATURITY,EUR,DE000A182VT2,0.227241615331964,2.469,2.207,2.415,2.345,2.377,2.456,2.374,2.3682800157033714,2.321,2.316,2.302,2.292,8,2.0903613963039005,27.791861939947093
Shell International Finance BV,RDSALN,Integrated Oils,Energy,5.468680233552151,US,1089600000.0,1.875,2032-04-07,EMTN,AA-,AT MATURITY,EUR,XS2154419118,6.05338809034908,3.235,3.11,3.24,3.184,3.04,3.449,3.185,3.4333289736719226,3.051,3.203,2.987,3.11,4,2.534950718685832,89.83782549860906
JAB Holdings BV,JABHOL,Financial Services,Financials,7.374981507749375,LU,543350000.0,3.375,2035-04-17,#N/A Field Not Applicable,BBB,AT MATURITY,EUR,DE000A28V319,9.07871321013005,4.065,3.865,3.974,3.982,3.796,4.166,3.955,4.151028903003997,3.791,3.992,3.722,3.882,9,2.744644079397673,140.63848236063242
BP Capital Markets PLC,BPLN,Integrated Oils,Energy,0.5168112210690686,US,1082985000.0,2.213,2026-09-25,EMTN,A,AT MATURITY,EUR,XS1114473579,0.520191649555099,2.246,2.203,2.345,2.188,2.184,2.421,2.174,2.394774827360739,2.225,2.139,2.222,2.153,6,2.111453798767967,28.332102859277207
Verizon Communications Inc,VZ,Wireless Telecommunications Services,Communications,5.138382400528857,US,1249400000.0,2.625,2031-12-01,#N/A Field Not Applicable,BBB+,AT MATURITY,EUR,XS1146286205,5.70294318959617,3.29,3.222,3.441,3.267,3.212,3.645,3.271,3.611860896854667,3.2,3.294,3.179,3.21,8,2.5081266255989054,110.37342712557616
Siemens Financieringsmaatschappij NV,SIEGR,Industrial Other,Industrials,1.889481716267708,DE,739830000.0,0.9,2028-02-28,#N/A Field Not Applicable,AA-,AT MATURITY,EUR,XS1955187775,1.94661190965092,2.328,2.257,2.562,2.298,2.253,2.801,2.307,2.758466972449996,2.253,2.3,2.231,2.247,4,2.1937289527720734,56.473801967792255
BP Capital Markets PLC,BPLN,Integrated Oils,Energy,5.3030079073136775,US,1362000000.0,2.822,2032-04-07,#N/A Field Not Applicable,A,AT MATURITY,EUR,XS2135801160,6.05338809034908,3.361,3.218,3.409,3.333,3.172,3.551,3.329,3.518771744883055,3.186,3.346,3.162,3.239,6,2.534950718685832,98.38210261972229
JAB Holdings BV,JABHOL,Financial Services,Financials,5.221043069980129,LU,522300000.0,4.75,2032-06-29,#N/A Field Not Applicable,BBB,AT MATURITY,EUR,DE000A3K5HW7,6.28062970568104,3.665,3.489,3.651,3.574,3.428,3.927,3.562,3.891126984766604,3.42,3.601,3.348,3.509,9,2.551766598220397,133.93603865462072
Ayvens SA,AYVFP,Retail - Consumer Discretionary,Consumer Discretionary,0.8209415727138235,FR,809700000.0,4.25,2027-01-18,EMTN,A-,AT MATURITY,EUR,FR001400F6E7,0.835044490075291,2.442,2.308,2.434,2.435,2.29,2.539,2.386,2.530303554641349,2.302,2.349,2.315,2.317,7,2.1311232032854206,39.918035135592824
International Business Machines Corp,IBM,Software & Services,Technology,1.8459490107140173,US,1419860000.0,0.3,2028-02-11,#N/A Field Not Applicable,A-,AT MATURITY,EUR,XS2115091717,1.90006844626968,2.584,2.464,2.774,2.536,2.413,3.015,2.533,2.984360940823713,2.44,2.503,2.433,2.45,7,2.1900054757015743,79.43554651221385
Acciona Energia Financiacion Filiales SA,ANESM,Renewable Energy,Energy,1.507942295792125,ES,577800000.0,0.375,2027-10-07,EMTN,BBB-,AT MATURITY,EUR,XS2388941077,1.5523613963039,2.582,2.606,2.802,2.541,2.569,2.995,2.552,2.943804587367368,2.576,2.615,2.558,2.578,10,2.162188911704312,78.1615675663056
Daimler Truck International Finance BV,DTRGR,Transportation & Logistics,Industrials,0.1937857156761872,DE,396620000.0,2.491,2027-05-27,EMTN,A-,AT MATURITY,EUR,XS3081756002,1.18822724161533,2.346,2.31,2.369,2.339,2.313,2.478,2.359,2.503197015552056,2.337,2.353,2.324,2.346,7,2.139965092402464,36.323192314959215
Deutsche Bahn AG,DBHNGR,Travel & Lodging,Consumer Discretionary,12.382367422302242,DE,708890000.0,4.0,2043-11-23,EMTN,AA+,AT MATURITY,EUR,XS2722190795,17.6810403832991,3.956,3.815,3.837,3.867,3.74,3.949,3.802,3.942481120654696,3.702,3.863,3.641,3.808,2,3.0662587268993837,87.62223937553122
SNCF Reseau,RESFER,Transportation & Logistics,Industrials,6.193857048716787,FR,4309190000.0,5.0,2033-10-10,EMTN,A+,AT MATURITY,EUR,XS0177618039,7.56194387405886,3.503,3.34,3.441,3.426,3.243,3.597,3.429,3.5665542794686305,3.21,3.397,3.124,3.325,5,2.644898015058179,92.16562644104513
Philip Morris International Inc,PM,Tobacco,Consumer Staples,2.9007717434561724,US,685000000.0,2.875,2029-05-14,#N/A Field Not Applicable,A-,AT MATURITY,EUR,XS1066312395,3.15400410677618,2.974,2.825,3.043,2.933,2.795,3.129,2.922,3.1032122162813174,2.805,2.9,2.774,2.835,7,2.2967063655030797,80.65058507782376
Kinder Morgan Inc,KMI,Pipeline,Energy,0.9674115197215336,US,529500000.0,2.25,2027-03-16,#N/A Field Not Applicable,BBB+,AT MATURITY,EUR,XS1196817586,0.991101984941821,2.463,2.46,2.708,2.549,2.495,2.839,2.515,2.817663224490671,2.529,2.439,2.475,2.428,8,2.1477186858316224,66.99445386590486
East Japan Railway Co,EJRAIL,Travel & Lodging,Consumer Discretionary,8.41138953585941,JP,775950000.0,3.533,2036-09-04,EMTN,A+,AT MATURITY,EUR,XS2891034063,10.4640657084189,3.745,3.65,3.724,3.685,3.616,3.872,3.64,3.8758529353767543,3.603,3.687,3.561,3.649,5,2.8245236139630396,105.13293214137147
Cadent Finance PLC,CDTFIN,Utilities,Utilities,2.9683157192214806,GB,543050000.0,4.25,2029-07-05,EMTN,BBB+,AT MATURITY,EUR,XS2641164491,3.29637234770705,2.963,2.841,3.067,2.912,2.786,3.251,2.906,3.268278170432584,2.806,2.926,2.732,2.85,8,2.309377138945927,95.89010314866569
Italgas SpA,IGIM,Utilities,Utilities,5.274641873797958,IT,539250000.0,4.125,2032-06-08,EMTN,BBB,AT MATURITY,EUR,XS2633317701,6.22313483915127,3.464,3.288,3.407,3.411,3.223,3.562,3.399,3.539997814718607,3.206,3.421,3.148,3.318,9,2.547511978097194,99.24858366214129
Deutsche Bahn AG,DBHNGR,Travel & Lodging,Consumer Discretionary,8.637499855012557,DE,556750000.0,0.75,2035-07-16,EMTN,AA+,AT MATURITY,EUR,XS2102380776,9.32511978097194,3.402,3.289,3.327,3.333,3.222,3.542,3.309,3.5195450130988597,3.2,3.372,3.105,3.303,2,2.7591820670773446,76.03629460215151
SNCF Reseau,RESFER,Transportation & Logistics,Industrials,15.926296285424266,FR,1522552500.0,2.0,2048-02-05,EMTN,A+,AT MATURITY,EUR,XS1764691611,21.8836413415469,4.665,4.559,4.491,4.596,4.451,4.646,4.557,4.6412901455640405,4.393,4.544,4.313,4.517,5,3.116288021902806,152.50021236612344
Siemens Financieringsmaatschappij NV,SIEGR,Industrial Other,Industrials,0.193739989345479,DE,1133200000.0,2.311,2027-05-27,EMTN,AA-,AT MATURITY,EUR,XS3078501767,1.18822724161533,2.205,2.178,2.245,2.208,2.185,2.379,2.223,2.3725996319105342,2.211,2.224,2.204,2.214,4,2.139965092402464,23.263453950807023
Mercedes-Benz Group AG,MBGGR,Automobiles Manufacturing,Consumer Discretionary,5.283730586595112,DE,1106600000.0,1.125,2031-11-06,EMTN,A,AT MATURITY,EUR,DE000A2YPFU9,5.63449691991786,3.112,3.01,3.224,3.092,2.998,3.377,3.105,3.351259915165327,3.004,3.163,2.932,3.052,6,2.5028562628336752,84.84036523316516
BP Capital Markets PLC,BPLN,Integrated Oils,Energy,7.921702540402308,US,994860000.0,1.104,2034-11-15,#N/A Field Not Applicable,A,AT MATURITY,EUR,XS2081016763,8.65982203969884,3.705,3.553,3.652,3.634,3.491,3.805,3.612,3.7914478723931393,3.482,3.662,3.45,3.581,6,2.718228610540726,107.32192618524135
Telefonica Emisiones SA,TELEFO,Wireline Telecommunications Services,Communications,1.757049988342308,ES,1495375000.0,1.715,2028-01-12,EMTN,BBB-,AT MATURITY,EUR,XS1681521081,1.81793292265572,2.466,2.378,2.627,2.424,2.352,2.757,2.429,2.7229038990736605,2.375,2.447,2.358,2.385,10,2.1834346338124577,53.94692652612028
JAB Holdings BV,JABHOL,Financial Services,Financials,3.027391162628756,LU,876900000.0,2.5,2029-06-25,11Y,BBB,AT MATURITY,EUR,DE000A1919H2,3.26899383983573,3.099,2.841,3.092,3.035,2.814,3.258,3.036,3.2243464541457736,2.825,2.991,2.789,2.868,9,2.3069404517453798,91.74060024003938
CK Hutchison Finance 16 Ltd,CKHH,Supermarkets & Pharmacies,Consumer Staples,1.9341170692252647,GB,741455000.0,2.0,2028-04-06,B,A,AT MATURITY,EUR,XS1391086987,2.05065023956194,2.83,2.618,2.885,2.845,2.643,3.074,2.678,3.027040315490392,2.686,2.743,2.642,2.658,6,2.202305270362765,82.4735045127627
Southern Power Co,SO,Utilities,Utilities,0.255924971607501,US,565750000.0,1.85,2026-06-20,#N/A Field Not Applicable,BBB+,AT MATURITY,EUR,XS1435056426,0.254620123203285,2.403,2.178,2.355,2.313,2.285,2.451,2.24,2.441645719810695,2.284,2.234,2.299,2.201,8,2.0923326488706357,34.931307094005916
Toyota Motor Finance Netherlands BV,TOYOTA,Automobiles Manufacturing,Consumer Discretionary,0.013937484777930132,JP,270150000.0,2.715,2028-03-22,EMTN,A+,AT MATURITY,EUR,XS2791973055,2.00958247775496,2.522,2.465,2.493,2.505,2.443,2.655,2.511,2.641136808144024,2.52,2.513,2.513,2.495,5,2.1988145106091714,44.232229753485264
Deutsche Telekom International Finance BV,DT,Wireline Telecommunications Services,Communications,5.508079075664222,DE,541750000.0,7.5,2033-01-24,EMTN,BBB+,AT MATURITY,EUR,XS0161488498,6.85284052019165,3.333,3.24,3.385,3.276,3.193,3.501,3.273,3.476699046869005,3.191,3.324,3.126,3.245,8,2.594110198494182,88.2588848374823
OMV AG,OMVAV,Integrated Oils,Energy,1.4542204785717752,AT,967200000.0,3.5,2027-09-27,EMTN,A-,AT MATURITY,EUR,XS0834371469,1.52498288843258,2.431,2.353,2.608,2.418,2.339,2.828,2.429,2.815688058278448,2.353,2.431,2.341,2.351,7,2.159998631074606,65.56894272038419
Volvo Treasury AB,VLVY,Transportation & Logistics,Industrials,0.2514558404895802,SE,545700000.0,2.577,2027-03-17,EMTN,A,AT MATURITY,EUR,XS3026747876,0.993839835728953,2.327,2.283,2.333,2.312,2.291,2.445,2.33,2.4513563596729497,2.31,2.33,2.308,2.319,6,2.1481129363449694,30.32434233279804
Volkswagen International Finance NV,VW,Automobiles Manufacturing,Consumer Discretionary,0.024985171705882474,DE,539800000.0,2.668,2026-03-27,EMTN,BBB+,AT MATURITY,EUR,XS2794650833,0.0219028062970568,2.291,2.252,2.232,2.264,2.261,2.223,2.264,2.373934962885293,2.24,2.265,2.222,2.266,8,2.075577002053387,29.835796083190623
Mercedes-Benz International Finance BV,MBGGR,Automobiles Manufacturing,Consumer Discretionary,0.272297789628652,DE,1136900000.0,1.375,2026-06-26,EMTN,A,AT MATURITY,EUR,DE000A2RYD91,0.271047227926078,2.368,2.241,2.167,2.3,2.219,2.233,2.254,2.2449938383192447,2.112,2.207,2.033,2.206,6,2.093515400410677,15.147843790856763
Siemens Financieringsmaatschappij NV,SIEGR,Industrial Other,Industrials,2.8383982316490024,DE,1079300000.0,0.25,2029-02-20,EMTN,AA-,AT MATURITY,EUR,XS2118276026,2.92676249144422,2.511,2.401,2.685,2.443,2.384,2.921,2.46,2.9087333114298044,2.408,2.478,2.356,2.402,4,2.2767748117727584,63.195849965704596
Deutsche Bahn AG,DBHNGR,Travel & Lodging,Consumer Discretionary,5.025516782699756,DE,828975000.0,0.875,2031-07-11,EMTN,AA+,AT MATURITY,EUR,XS1441837546,5.31143052703628,2.922,2.77,2.913,2.84,2.729,3.028,2.795,3.004612029672355,2.737,2.839,2.64,2.759,2,2.4779801505817938,52.663187909056134
Orange SA,ORAFP,Wireless Telecommunications Services,Communications,4.81907386792292,FR,334020000.0,1.342,2031-05-29,Emtn,BBB+,AT MATURITY,EUR,FR0013421823,5.1937029431896,3.337,3.196,3.381,3.249,3.124,3.521,3.21,3.4894540458032006,3.145,3.272,3.075,3.198,8,2.4689151266255993,102.05389191776013
Toyota Motor Credit Corp,TOYOTA,Automobiles Manufacturing,Consumer Discretionary,1.5884279288343943,US,1205000000.0,0.125,2027-11-05,EMTN,A+,AT MATURITY,EUR,XS2338955805,1.63175906913073,2.607,2.465,2.748,2.564,2.462,2.927,2.575,2.8900060105169247,2.478,2.55,2.457,2.473,5,2.1685407255304585,72.14652849864662
East Japan Railway Co,EJRAIL,Travel & Lodging,Consumer Discretionary,4.0479816347375355,JP,498450000.0,3.245,2030-09-08,EMTN,A+,AT MATURITY,EUR,XS2528170777,4.47364818617385,2.939,2.764,2.903,2.884,2.734,3.086,2.848,3.0965332349411328,2.734,2.852,2.699,2.77,5,2.4108391512662557,68.56940836748771
Telia Co AB,TELIAS,Wireless Telecommunications Services,Communications,1.4075602558904785,SE,473299148.7,3.0,2027-09-07,EMTN,BBB+,AT MATURITY,EUR,XS0826189028,1.47022587268994,2.387,2.298,2.497,2.357,2.273,2.686,2.36,2.6557076138020816,2.287,2.362,2.256,2.32,8,2.155498973305955,50.020864049612655
BMW Finance NV,BMW,Automobiles Manufacturing,Consumer Discretionary,0.168941536306841,DE,529550000.0,2.4290000000000003,2026-11-18,EMTN,A,AT MATURITY,EUR,XS2939527102,0.668035592060233,2.286,2.234,2.288,2.27,2.24,2.388,2.28,2.402761888338361,2.261,2.288,2.245,2.268,6,2.122213552361396,28.054833597696494
American Honda Finance Corp,HNDA,Automobiles Manufacturing,Consumer Discretionary,1.526002169745878,US,828150000.0,3.75,2027-10-25,#N/A Field Not Applicable,A-,AT MATURITY,EUR,XS2657613720,1.60164271047228,2.562,2.538,2.791,2.531,2.488,2.896,2.561,2.8592312286142176,2.502,2.587,2.483,2.546,7,2.166131416837782,69.30998117764355
Iberdrola Finanzas SA,IBESM,Utilities,Utilities,1.4395629170032829,ES,891075000.0,1.25,2027-09-13,EMTN,BBB+,AT MATURITY,EUR,XS1682538183,1.48665297741273,2.384,2.297,2.541,2.347,2.286,2.719,2.35,2.662771853909474,2.299,2.356,2.284,2.307,8,2.1568788501026694,50.589300380680456
Vonovia SE,ANNGR,Real Estate,Financials,3.679326996400639,DE,609736680.0,2.125,2030-03-22,EMTN,BBB+,AT MATURITY,EUR,DE000A19X8B2,4.0082135523614,2.981,2.903,3.153,2.94,2.858,3.32,2.941,3.2939010420764463,2.873,2.963,2.829,2.902,8,2.372673511293635,92.12275307828115
Ayvens SA,AYVFP,Retail - Consumer Discretionary,Consumer Discretionary,1.2267341398644274,FR,512250000.0,4.0,2027-07-05,EMTN,A-,AT MATURITY,EUR,XS2498554992,1.29500342231348,2.479,2.409,2.644,2.449,2.386,2.799,2.479,2.7614066009501275,2.387,2.469,2.387,2.415,7,2.1407802874743322,62.062631347579526
Unilever Finance Netherlands BV,UNANA,Consumer Products,Consumer Staples,6.335799284795534,GB,982000000.0,1.625,2033-02-12,EMTN,A+,AT MATURITY,EUR,XS1769091296,6.90485968514716,3.183,3.085,3.351,3.143,3.056,3.505,3.145,3.463521653333597,3.076,3.156,3.067,3.079,5,2.59795961670089,86.55620366327072
Siemens Financieringsmaatschappij NV,SIEGR,Industrial Other,Industrials,1.424670693659248,DE,871875000.0,1.0,2027-09-06,eMTN,AA-,AT MATURITY,EUR,XS1874128033,1.46748802190281,2.224,2.132,2.436,2.207,2.136,2.613,2.223,2.562666955448037,2.159,2.228,2.133,2.159,4,2.155268993839836,40.73979616082006
AusNet Services Holdings Pty Ltd,ANVAU,Utilities,Utilities,0.921023050242764,AU,626920000.0,1.5,2027-02-26,EMTN,BBB+,AT MATURITY,EUR,XS1191877452,0.941820670773443,2.497,2.455,2.572,2.465,2.422,2.758,2.46,2.777815130754642,2.442,2.452,2.45,2.42,8,2.1406221765913758,63.71929541632664
Caterpillar Financial Services Corp,CAT,Machinery Manufacturing,Industrials,0.2323386381097368,US,571200000.0,2.419,2027-06-10,EMTN,A,AT MATURITY,EUR,XS3090072391,1.22655715263518,2.238,2.212,2.279,2.23,2.225,2.396,2.245,2.3997358830339004,2.246,2.258,2.229,2.247,6,2.1381252566735114,26.1610626360389
Toyota Motor Finance Netherlands BV,TOYOTA,Automobiles Manufacturing,Consumer Discretionary,3.0401081634327016,JP,547550000.0,3.125,2029-07-11,EMTN,A+,AT MATURITY,EUR,XS2744121943,3.31279945242984,2.936,2.771,3.029,2.851,2.771,3.208,2.816,3.1772365440823283,2.787,2.81,2.726,2.736,5,2.3108391512662556,86.63973928160726
Deutsche Bahn AG,DBHNGR,Travel & Lodging,Consumer Discretionary,7.309188076421842,DE,828825000.0,1.375,2034-03-03,EMTN,AA+,AT MATURITY,EUR,XS2451376219,7.95619438740589,3.304,3.135,3.249,3.225,3.083,3.37,3.19,3.352853710618964,3.08,3.216,2.985,3.126,2,2.6728898015058182,67.99639091131459
BASF SE,BASGR,Chemicals,Materials,6.088953679158621,DE,675700000.0,3.0,2033-02-07,EMTN,A-,AT MATURITY,EUR,XS0885399583,6.8911704312115,3.421,3.169,3.337,3.341,3.151,3.461,3.28,3.4360949828788465,3.123,3.289,3.052,3.171,7,2.596946611909651,83.91483709691956
Philip Morris International Inc,PM,Tobacco,Consumer Staples,6.172558985891817,US,654200000.0,3.125,2033-06-03,#N/A Field Not Applicable,A-,AT MATURITY,EUR,XS0940697187,7.20876112251882,3.46,3.207,3.454,3.371,3.175,3.621,3.301,3.6137812542430914,3.184,3.355,3.264,3.212,7,2.6198220396988363,99.3959214544255
3M Co,MMM,Industrial Other,Industrials,0.6361800505886374,US,932925000.0,1.5,2026-11-09,EMTN,BBB+,AT MATURITY,EUR,XS1136406342,0.643394934976044,2.378,2.309,2.438,2.347,2.273,2.537,2.326,2.527188358935329,2.298,2.294,2.294,2.275,8,2.1203244353182753,40.686392361705344
Shell International Finance BV,RDSALN,Integrated Oils,Energy,2.0525931169673077,US,1138600000.0,1.25,2028-05-12,EMTN,AA-,AT MATURITY,EUR,XS1411401083,2.1492128678987,2.559,2.509,2.782,2.509,2.441,2.984,2.513,2.9328906389894884,2.499,2.532,2.485,2.528,4,2.2106830937713893,72.22075452180991
Vonovia SE,ANNGR,Real Estate,Financials,1.76265900645831,DE,603119650.0,1.5,2028-01-14,#N/A Field Not Applicable,BBB+,AT MATURITY,EUR,DE000A19UR79,1.82340862422998,2.514,2.453,2.658,2.504,2.418,2.851,2.509,2.8235825097833303,2.433,2.536,2.402,2.478,8,2.1838726899383984,63.97098198449318
Coca-Cola Co/The,KO,Food & Beverage,Consumer Staples,6.628471239902307,US,772590000.0,0.5,2033-03-09,#N/A Field Not Applicable,A+,AT MATURITY,EUR,XS2307863998,6.97330595482546,3.284,3.175,3.331,3.235,3.125,3.49,3.255,3.463548322127638,3.123,3.289,3.074,3.193,5,2.6030246406570843,86.05236814705539
GE Capital European Funding Unlimited Co,GE,Aerospace & Defense,Industrials,0.032446859099384,US,126274663.4,2.358,2029-06-29,EMTN,A-,AT MATURITY,EUR,XS0223460592,3.27994524298426,3.24,3.163,3.18,,3.145,3.323,,3.320643522644904,3.27,3.174,3.282,,7,2.307915126625599,101.2728396019305
Procter & Gamble Co/The,PG,Consumer Products,Consumer Staples,1.967876567272064,US,697190000.0,3.15,2028-04-29,#N/A Field Not Applicable,AA-,AT MATURITY,EUR,XS2810308846,2.11362080766598,2.488,2.357,2.726,2.443,2.331,2.922,2.464,2.890012218381912,2.363,2.442,2.401,2.365,4,2.2076577686516083,68.23544497303038
AusNet Services Holdings Pty Ltd,ANVAU,Utilities,Utilities,3.714765416952005,AU,183180000.0,1.625,2030-03-01,EMTN,BBB+,AT MATURITY,EUR,XS1782802794,3.95071868583162,,3.497,,,3.434,3.721,3.551,3.7476453781031074,3.391,3.577,3.344,,8,2.3676139630390143,138.00314150640932
BHP Billiton Finance Ltd,BHP,Metals & Mining,Materials,1.4477708935140747,AU,971400000.0,3.25,2027-09-24,10,A,AT MATURITY,EUR,XS0834385923,1.51676933607118,2.574,2.433,2.595,2.566,2.392,2.823,2.549,2.8606088527168856,2.393,2.501,2.396,2.435,6,2.1593415468856945,70.12673058311911
Deutsche Telekom International Finance BV,DT,Wireline Telecommunications Services,Communications,0.1773807065539757,DE,680739957.6,1.125,2026-05-22,EMTn,BBB+,AT MATURITY,EUR,XS1617898363,0.175222450376454,2.346,2.223,2.19,2.21,2.204,2.21,2.173,2.2207092031081257,2.115,2.179,2.124,2.186,8,2.0866160164271035,13.409318668102221
Veolia Environnement SA,VIEFP,Utilities,Utilities,0.9638445167947112,FR,999900000.0,4.625,2027-03-30,EMTN,BBB,AT MATURITY,EUR,FR0011224963,1.02943189596167,2.343,2.307,2.518,2.323,2.3,2.683,2.338,2.658271709123907,2.323,2.323,2.327,2.307,9,2.14758726899384,51.06844401300674
WPP Finance Deutschland GmbH,WPPLN,Advertising & Marketing,Communications,3.705954980740386,GB,655920000.0,1.625,2030-03-23,EMTN,BBB-,AT MATURITY,EUR,XS1205548164,4.01095140314853,3.251,3.26,3.711,3.205,3.25,3.835,3.211,3.793093049220356,3.349,3.234,3.314,3.156,10,2.3728980150581793,142.01950341621767
Deutsche Bahn AG,DBHNGR,Travel & Lodging,Consumer Discretionary,2.440568881756168,DE,562650000.0,0.625,2028-09-26,EMTN,AA+,AT MATURITY,EUR,XS1493724584,2.5242984257358,2.399,2.38,2.374,2.419,2.373,2.704,2.427,2.7133839393165653,2.369,2.409,2.323,2.383,2,2.242565366187543,47.081857312902244
Heathrow Funding Ltd,HTHROW,Transportation & Logistics,Industrials,5.700204266140128,GB,571050000.0,1.875,2032-07-12,EMTN,BBB+,AT MATURITY,EUR,XS1641623381,6.31622176591376,3.518,3.378,3.613,3.45,3.318,3.781,3.438,3.757948282854145,3.335,3.474,3.27,3.382,8,2.5544004106776184,120.35478721765264
East Japan Railway Co,EJRAIL,Travel & Lodging,Consumer Discretionary,7.891884693263671,JP,590200000.0,0.773,2034-09-15,EMTN,A+,AT MATURITY,EUR,XS2385121582,8.49281314168378,3.492,3.378,3.487,3.437,3.349,3.637,3.41,3.6463927441453934,3.341,3.454,3.3,3.392,5,2.707540041067762,93.88527030776315
Deutsche Bahn AG,DBHNGR,Travel & Lodging,Consumer Discretionary,3.8841713643979014,DE,965790000.0,1.875,2030-05-24,EMTN,AA+,AT MATURITY,EUR,XS2484327999,4.18069815195072,2.669,2.526,2.731,2.598,2.47,2.924,2.609,2.9192246445450296,2.472,2.633,2.41,2.541,2,2.386817248459959,53.240739608507056
e-netz Suedhessen AG,HSEGR,Utilities,Utilities,10.051284759357534,DE,463872000.0,6.125,2041-04-23,#N/A Field Not Applicable,BBB+,AT MATURITY,EUR,XS0612879576,15.0965092402464,4.733,4.619,4.542,4.661,4.533,4.657,4.626,4.650356672200644,4.479,4.695,4.392,4.619,8,3.019737166324435,163.0619505876209
John Deere Cash Management SARL,DE,Machinery Manufacturing,Industrials,11.140192071136571,US,732940000.0,1.65,2039-06-13,EMTN,A,AT MATURITY,EUR,XS2010331101,13.2347707049966,3.965,3.897,3.855,3.892,3.819,3.992,3.867,3.9938618561869066,3.763,3.916,3.681,3.863,6,2.9509212867898706,104.2940569397036
SNCF Reseau,RESFER,Transportation & Logistics,Industrials,16.45289049323486,FR,1647875000.0,4.125,2062-03-22,EMTn,A+,AT MATURITY,EUR,XS0757586267,36.0082135523614,5.059,4.935,4.833,4.983,4.844,4.965,4.939,4.963905518164036,4.765,4.918,4.678,4.888,5,3.1093745379876796,185.4530980176356
Mercedes-Benz Group AG,MBGGR,Automobiles Manufacturing,Consumer Discretionary,3.6068878133804376,DE,196784500.0,1.375,2030-01-11,EMTN,A,AT MATURITY,EUR,XS1550169574,3.81656399726215,3.327,3.214,3.4,3.301,3.157,3.575,3.31,3.540176233316461,3.18,3.324,3.092,3.223,6,2.355674195756331,118.45020375601298
John Deere Cash Management SARL,DE,Machinery Manufacturing,Industrials,5.404120144832646,US,650520000.0,2.2,2032-04-02,EMTN,A,AT MATURITY,EUR,XS2150006562,6.03969883641342,3.263,3.063,3.257,3.167,3.02,3.399,3.129,3.350829486479981,2.997,3.133,2.964,3.045,6,2.533937713894593,81.68917725853876
Deutsche Bahn AG,DBHNGR,Travel & Lodging,Consumer Discretionary,11.854642564075832,DE,735085000.0,0.875,2039-06-23,EMTN,AA+,AT MATURITY,EUR,XS2193666125,13.2621492128679,3.765,3.628,3.66,3.675,3.539,3.766,3.633,3.759870505222448,3.519,3.679,3.426,3.61,2,2.95196167008898,80.7908835133468
International Business Machines Corp,IBM,Software & Services,Technology,1.8972079879916235,US,551050000.0,1.75,2028-03-07,#N/A Field Not Applicable,A-,AT MATURITY,EUR,XS1375955678,1.96851471594798,2.617,2.573,2.771,2.53,2.535,2.939,2.554,2.9128542476987853,2.535,2.519,2.522,2.544,7,2.1954811772758385,71.73730704229469
Coca-Cola Co/The,KO,Food & Beverage,Consumer Staples,13.112593202562064,US,772590000.0,1.0,2041-03-09,#N/A Field Not Applicable,A+,AT MATURITY,EUR,XS2307864020,14.9733059548255,3.999,3.926,3.994,3.926,3.863,4.217,3.902,4.203149341700216,3.857,3.963,3.832,3.909,5,3.0169856262833687,118.61637154168476
Coca-Cola Co/The,KO,Food & Beverage,Consumer Staples,9.41770143494002,US,558150000.0,1.1,2036-09-02,#N/A Field Not Applicable,A+,AT MATURITY,EUR,XS1485643610,10.4585900068446,3.677,3.562,3.63,3.599,3.494,3.8,3.583,3.7779274688502977,3.486,3.62,3.437,3.561,5,2.8242224503764533,95.37050184738445
Toyota Motor Finance Netherlands BV,TOYOTA,Automobiles Manufacturing,Consumer Discretionary,0.8028546463898086,JP,821325000.0,3.125,2027-01-11,EMTN,A+,AT MATURITY,EUR,XS2744121869,0.815879534565366,2.405,2.307,2.425,2.371,2.307,2.498,2.366,2.48196965282917,2.304,2.333,2.303,2.307,5,2.1318377823408623,35.01318704883079
La Poste SA,FRPTT,Transportation & Logistics,Industrials,6.150245243997468,FR,599820000.0,3.125,2033-03-14,EMTN,A,AT MATURITY,EUR,FR001400CN54,6.98699520876112,3.459,3.258,3.457,3.389,3.203,3.634,3.394,3.6185530857316888,3.203,3.392,3.153,3.272,6,2.6040376454483227,101.4515440283366
Veolia Environnement SA,VIEFP,Utilities,Utilities,6.136858975653494,FR,825650000.0,6.125,2033-11-25,EMTN,BBB,AT MATURITY,EUR,FR0010033381,7.68788501026694,3.616,3.473,3.596,3.538,3.392,3.758,3.534,3.7380532293226856,3.4,3.576,3.322,3.484,9,2.6538398357289528,108.42133935937328
Coca-Cola Co/The,KO,Food & Beverage,Consumer Staples,0.5085602865466706,US,1099687001.6,1.875,2026-09-22,#N/A Field Not Applicable,A+,AT MATURITY,EUR,XS1112678989,0.511978097193703,2.249,2.163,2.358,2.24,2.179,2.475,2.232,2.4845857620593064,2.197,2.181,2.219,2.16,5,2.1108624229979465,37.37233390613599
America Movil SAB de CV,AMXLMM,Wireless Telecommunications Services,Communications,1.8987916714606143,MX,667621354.0,2.125,2028-03-10,#N/A Field Not Applicable,BBB+,AT MATURITY,EUR,XS1379122523,1.97672826830938,2.73,2.579,2.848,2.712,2.57,3.115,2.652,3.070068734910702,2.553,2.606,2.551,2.599,8,2.19613826146475,87.39304734459519
JAB Holdings BV,JABHOL,Financial Services,Financials,1.6995024326948187,LU,667080000.0,1.0,2027-12-20,#N/A Field Not Applicable,BBB,AT MATURITY,EUR,DE000A2SBDE0,1.75496235455168,2.691,2.491,2.739,2.656,2.469,2.927,2.668,2.9018000735011946,2.503,2.613,2.49,2.511,9,2.1783969883641343,72.34030851370603
Procter & Gamble Co/The,PG,Consumer Products,Consumer Staples,3.427202239763248,US,590650000.0,1.25,2029-10-25,#N/A Field Not Applicable,AA-,AT MATURITY,EUR,XS1708193815,3.60301163586585,2.655,2.533,2.834,2.597,2.52,3.005,2.602,2.9744382639274245,2.561,2.597,2.563,2.537,4,2.3366680355920604,63.777022833536414
Cie de Saint-Gobain SA,SGOFP,Construction Materials Manufacturing,Materials,0.01369383328431201,FR,927150000.0,1.125,2026-03-23,EMTN,BBB+,AT MATURITY,EUR,XS1793349926,0.0109514031485284,2.34,2.236,2.503,2.236,2.253,2.557,2.198,2.557137707771129,2.266,2.222,2.379,2.232,8,2.0747885010266924,48.234920674443636
Italgas SpA,IGIM,Utilities,Utilities,1.8634455370118137,IT,605450000.0,0.0,2028-02-16,EMTN,BBB,AT MATURITY,EUR,XS2299001888,1.91375770020534,2.626,2.506,2.771,2.572,2.476,2.944,2.579,2.9173225395259905,2.497,2.592,2.461,2.52,9,2.1911006160164272,72.62219235095633
Volkswagen International Finance NV,VW,Automobiles Manufacturing,Consumer Discretionary,6.680685312389468,DE,271040000.0,3.4,2034-01-30,EMTN,BBB+,AT MATURITY,EUR,XS1023649962,7.86858316221766,4.295,4.016,4.248,4.171,3.967,4.427,4.08,4.3822261969677285,3.962,4.145,3.959,4.045,8,2.666669404517454,171.55567924502745
E.ON SE,EOANGR,Utilities,Utilities,9.206962340842436,DE,511729540.0,3.5,2037-10-26,#N/A Field Not Applicable,BBB+,AT MATURITY,EUR,XS2229743724,11.605749486653,3.699,3.596,3.793,3.62,3.543,3.898,3.64,3.8891103512790655,3.575,3.679,3.589,3.599,8,2.88428747433265,100.48228769464154
TotalEnergies Capital International SA,TTEFP,Integrated Oils,Energy,6.572118735421777,FR,141570000.0,1.619,2033-07-11,EMTN,A+,AT MATURITY,EUR,XS1856281834,7.31279945242984,3.893,3.778,3.85,3.825,3.691,3.993,3.863,3.988927226033145,3.694,3.869,3.614,3.792,5,2.6272087611225188,136.1718464910626
Shell International Finance BV,RDSALN,Integrated Oils,Energy,1.9528026577898228,US,1089600000.0,1.5,2028-04-07,EMTN,AA-,AT MATURITY,EUR,XS2154418730,2.05338809034908,2.571,2.398,2.685,2.548,2.357,2.93,2.538,2.912341822447307,2.389,2.507,2.36,2.405,4,2.202537987679672,70.98038347676354
Deutsche Bahn AG,DBHNGR,Travel & Lodging,Consumer Discretionary,20.92763897591176,DE,1211500000.0,0.625,2050-12-08,EMTN,AA+,AT MATURITY,EUR,XS2270142966,24.7227926078029,4.186,4.094,4.034,4.108,4.035,4.099,4.039,4.110285993277338,4.018,4.108,3.941,4.091,2,3.1287802874743327,98.15057058030052
Eni SpA,ENIIM,Integrated Oils,Energy,1.8750930823276477,IT,157570000.0,5.441,2028-04-18,EMTN,A-,AT MATURITY,EUR,BE0934300931,2.08350444900753,2.966,2.966,3.179,2.95,2.928,3.354,2.956,3.3241853134425834,2.947,3.036,2.876,2.97,7,2.20509787816564,111.90874352769433
Volkswagen International Finance NV,VW,Automobiles Manufacturing,Consumer Discretionary,0.1993242309921209,DE,454000000.0,2.711,2027-05-30,EMTN,BBB+,AT MATURITY,EUR,XS3083232002,1.19644079397673,2.538,2.483,2.535,2.524,2.488,2.659,2.533,2.659361917721025,2.505,2.527,2.497,2.518,8,2.139570841889117,51.979107583190796
Shell International Finance BV,RDSALN,Integrated Oils,Energy,12.132226925054594,US,1102000000.0,0.875,2039-11-08,EMTN,AA-,AT MATURITY,EUR,XS2078735433,13.6399726214921,4.184,4.08,4.117,4.131,3.996,4.211,4.084,4.208662948647273,3.979,4.127,3.917,4.065,4,2.9663189596166997,124.23439890305734
BASF SE,BASGR,Chemicals,Materials,2.8492346115310063,DE,280625000.0,0.875,2029-03-07,EMTN,A-,AT MATURITY,EUR,XS1960277934,2.9678302532512,3.054,2.945,3.142,3.005,2.881,3.355,3.024,3.286958979827023,2.875,3.034,2.813,2.942,7,2.280265571526352,100.66934083006709
Deutsche Bahn AG,DBHNGR,Travel & Lodging,Consumer Discretionary,11.970834490132113,DE,812550000.0,1.375,2040-04-16,EMTN,AA+,AT MATURITY,EUR,XS2156768546,14.0780287474333,3.775,3.671,3.705,3.7,3.577,3.851,3.64,3.8483822116916,3.55,3.7,3.477,3.65,2,2.9829650924024653,86.54171192891349
Heineken NV,HEIANA,Food & Beverage,Consumer Staples,5.985309886364376,NL,235278000.0,3.25,2033-04-15,EMTN,BBB+,AT MATURITY,EUR,XS0916345621,7.07460643394935,3.846,3.733,3.847,3.781,3.647,4.016,3.767,3.9793252547697087,3.679,3.84,3.58,3.747,8,2.610297056810404,136.90281979593047
Heineken NV,HEIANA,Food & Beverage,Consumer Staples,3.065300826487966,NL,271040000.0,3.5,2029-07-30,EMTN,BBB+,AT MATURITY,EUR,XS1024136282,3.36481861738535,3.228,3.082,3.239,3.152,2.974,3.416,3.178,3.3899901582456584,2.994,3.209,2.922,3.097,8,2.315468856947296,107.45213012983625
Deutsche Bahn AG,DBHNGR,Travel & Lodging,Consumer Discretionary,4.345540854157044,DE,697905000.0,1.625,2030-11-06,EMTN,AA+,AT MATURITY,EUR,XS1316420089,4.63518138261465,2.713,2.533,2.811,2.654,2.503,2.996,2.637,2.9773548342420426,2.503,2.642,2.446,2.551,2,2.4240848733744014,55.326996086764126
Shell International Finance BV,RDSALN,Integrated Oils,Energy,1.5977872007330614,US,1102000000.0,0.125,2027-11-08,EMTN,AA-,AT MATURITY,EUR,XS2078734626,1.63997262149213,2.429,2.32,2.537,2.404,2.282,2.827,2.401,2.8017916004255934,2.306,2.385,2.292,2.311,4,2.1691978097193703,63.259379070622316
JAB Holdings BV,JABHOL,Financial Services,Financials,2.0446780220519813,LU,834450000.0,2.0,2028-05-18,#N/A Field Not Applicable,BBB,AT MATURITY,EUR,DE000A19HCX8,2.16563997262149,2.741,2.77,2.838,2.747,2.755,3.119,2.772,3.081341905668568,2.746,2.758,2.704,2.753,9,2.212079397672827,86.9262507995741
Italgas SpA,IGIM,Utilities,Utilities,2.706727067989461,IT,895050000.0,1.625,2029-01-18,EMTN,BBB,AT MATURITY,EUR,XS1685542497,2.83641341546886,2.758,2.648,2.917,2.714,2.631,3.074,2.711,3.0596358660515697,2.656,2.731,2.65,2.664,9,2.269095140314853,79.05407257367165
Vonovia SE,ANNGR,Real Estate,Financials,9.49365779431581,DE,615150000.0,2.75,2038-03-22,EMTN,BBB+,AT MATURITY,EUR,DE000A19X8C0,12.0082135523614,4.271,4.165,4.192,4.189,4.074,4.375,4.152,4.368247955379913,4.046,4.213,3.968,4.159,8,2.9043121149897333,146.39358403901798
Siemens Financieringsmaatschappij NV,SIEGR,Industrial Other,Industrials,11.042470284303455,DE,910560000.0,1.75,2039-02-28,EMTN,AA-,AT MATURITY,EUR,XS1955187932,12.9472963723477,3.795,3.617,3.799,3.719,3.623,3.952,3.691,3.9574276730769697,3.623,3.718,3.622,3.634,4,2.9399972621492125,101.74304109277573
CEZ AS,CEZCP,Power Generation,Utilities,12.44736889814266,CZ,100784000.0,4.383,2047-09-03,EMTN,BBB+,AT MATURITY,EUR,XS0822571799,21.4592744695414,6.237,5.433,5.718,6.147,5.37,5.847,6.081,5.844194769228416,5.366,6.256,5.295,5.467,8,3.114420807665982,272.9773961562434
Robert Bosch Investment Nederland BV,RBOSGR,Auto Parts Manufacturing,Consumer Discretionary,2.045966320122645,DE,968925000.0,2.625,2028-05-24,.,A,AT MATURITY,EUR,XS0934539726,2.18206707734428,2.726,2.625,2.899,2.631,2.62,3.014,2.625,2.9857076993710607,2.686,2.655,2.615,2.591,6,2.213475701574264,77.22319977967969
WPP Finance SA,WPPLN,Advertising & Marketing,Communications,0.507948690793063,GB,962400000.0,2.25,2026-09-22,EMTN,BBB-,AT MATURITY,EUR,XS1112013666,0.511978097193703,2.653,2.523,2.66,2.595,2.51,2.716,2.551,2.7213424038386766,2.533,2.559,2.527,2.525,10,2.1108624229979465,61.047998084073015
SNCF Reseau,RESFER,Transportation & Logistics,Industrials,5.311898314735853,FR,984510000.0,1.0,2031-11-09,EMTN,A+,AT MATURITY,EUR,XS1514051694,5.64271047227926,3.233,3.067,3.196,3.163,2.976,3.344,3.165,3.3107625988396214,2.952,3.134,2.857,3.056,5,2.5034887063655034,80.7273892474118
Vinci SA,DGFP,Industrial Other,Industrials,0.1550341224053836,FR,701610000.0,2.244,2026-05-13,EMTN,A-,AT MATURITY,EUR,FR001400Q0V1,0.150581793292266,2.233,2.158,2.145,2.146,2.167,2.132,2.203,2.162150141998038,2.164,2.221,2.14,2.19,7,2.084841889117042,7.730825288099563
Investor AB,INVSA,Financial Services,Financials,6.591747536562756,SE,341625000.0,3.5,2033-12-05,EMTN,AA-,AT MATURITY,EUR,XS1001594065,7.71526351813826,3.508,3.403,3.47,3.437,3.316,3.622,3.416,3.5969688559564648,3.307,3.482,3.222,3.405,4,2.6557837097878165,94.11851461686483
Sky Ltd,CMCSA,Cable & Satellite,Communications,3.436152847411792,GB,498880000.0,2.75,2029-11-27,EMTN,A-,AT MATURITY,EUR,XS1143502901,3.6933607118412,2.904,2.742,2.881,2.843,2.671,2.986,2.834,2.9489376945334773,2.669,2.843,2.604,2.747,7,2.3447091033538667,60.42285911796106
Roadster Finance DAC,DERSTG,Refining & Marketing,Energy,1.6446634890682426,DE,352680000.0,2.375,2027-12-08,EMTN,BBB-,AT MATURITY,EUR,XS1732478265,1.72210814510609,3.119,3.05,3.41,3.027,3.091,3.542,3.063,3.5211624493764164,3.067,3.118,3.083,3.074,10,2.1757686516084873,134.5393797767929
JAB Holdings BV,JABHOL,Financial Services,Financials,1.0308783838949906,LU,543350000.0,2.5,2027-04-17,#N/A Field Not Applicable,BBB,AT MATURITY,EUR,DE000A28V301,1.07871321013005,1.66,2.362,2.448,2.475,2.331,2.634,2.506,2.6092127938207703,2.312,2.451,2.35,2.415,9,2.1452217659137576,46.39910279070128
La Poste SA,FRPTT,Transportation & Logistics,Industrials,9.142745267089362,FR,1388625000.0,0.625,2036-01-18,EMTN,A,AT MATURITY,EUR,FR0014001IP3,9.83436002737851,3.886,3.67,3.748,3.793,3.593,3.928,3.757,3.9396256310779942,3.567,3.766,3.493,3.666,6,2.789227241615332,115.03983894626622
Chorus Ltd,CNUNZ,Wireline Telecommunications Services,Communications,3.1608593154596307,NZ,498650000.0,3.625,2029-09-07,EMTN,BBB,AT MATURITY,EUR,XS2521013909,3.4715947980835,3.08,2.918,3.163,2.979,2.883,3.39,2.936,3.4435132570589624,2.894,2.948,2.917,2.935,9,2.3249719370294315,111.8541320029531
Shell International Finance BV,RDSALN,Integrated Oils,Energy,0.01642935983089363,US,1387600000.0,2.5,2026-03-24,EMTN,AA-,AT MATURITY,EUR,XS1048529041,0.0136892539356605,2.055,2.182,2.671,2.081,2.169,3.255,2.056,3.331091322279952,2.265,2.058,2.306,2.147,4,2.074985626283366,125.61056959965859
Shell International Finance BV,RDSALN,Integrated Oils,Energy,2.316992155378089,US,1118200000.0,0.75,2028-08-15,EMTN,AA-,AT MATURITY,EUR,XS1476654584,2.40930869267625,2.52,2.518,2.666,2.558,2.479,3.036,2.545,3.0575233609642867,2.521,2.482,2.525,2.475,4,2.232791238877481,82.47321220868056
Toyota Finance Australia Ltd,TOYOTA,Automobiles Manufacturing,Consumer Discretionary,0.2506485861499266,AU,652140000.0,3.434,2026-06-18,EMTN,A+,AT MATURITY,EUR,XS2785465860,0.249144421629021,2.236,2.195,2.19,2.237,2.184,2.297,2.176,2.2258172597025134,2.08,2.178,2.143,2.198,5,2.091938398357289,13.387886134522464
BP Capital Markets PLC,BPLN,Integrated Oils,Energy,2.177222185314702,US,661342540.0,1.594,2028-07-03,EMTN,A,AT MATURITY,EUR,XS1851278777,2.29158110882957,2.602,2.504,2.795,2.577,2.472,3.125,2.589,3.12123627049806,2.506,2.584,2.488,2.501,6,2.2227843942505134,89.84518762475466
SNCF Reseau,RESFER,Transportation & Logistics,Industrials,2.7420413029253083,FR,966365000.0,0.875,2029-01-22,EMTN,A+,AT MATURITY,EUR,XS1938381628,2.84736481861739,2.749,2.609,2.82,2.68,2.541,2.97,2.685,2.9339515220963217,2.55,2.674,2.475,2.608,5,2.270026009582478,66.39255125138436
WPP Finance SA,WPPLN,Advertising & Marketing,Communications,1.113264359004791,GB,819675000.0,2.375,2027-05-19,EMTN,BBB-,AT MATURITY,EUR,XS2176562812,1.16632443531828,2.741,2.65,2.774,2.711,2.615,2.919,2.712,2.987967885682953,2.64,2.677,2.638,2.647,10,2.1410164271047227,84.69514585782304
Siemens Financieringsmaatschappij NV,SIEGR,Industrial Other,Industrials,0.2153231960249693,DE,1129100000.0,0.375,2026-06-05,EMTN,AA-,AT MATURITY,EUR,XS2182054887,0.213552361396304,2.31,2.21,2.279,2.169,2.094,2.386,2.196,2.3928321348009773,2.161,2.14,2.243,2.163,4,2.089375770020533,30.345636478044426
Tennet Netherlands BV,TENNNL,Utilities,Utilities,3.661221137083233,NL,243520000.0,4.75,2030-06-03,EMTN,BBB+,AT MATURITY,EUR,XS0513509959,4.20807665982204,3.417,3.229,3.461,3.343,3.184,3.572,3.325,3.5342983137645847,3.188,3.391,3.113,3.273,8,2.3890622861054074,114.52360276591773
Honeywell International Inc,HON,Industrial Other,Industrials,0.06231514829782759,US,827100000.0,2.25,2028-02-22,#N/A Field Not Applicable,A,AT MATURITY,EUR,XS1366026919,1.93018480492813,2.679,2.454,2.661,2.647,2.33,18.293,2.628,17.789719502975583,2.387,2.558,2.369,2.54,6,2.1924147843942503,1559.7304718581333
La Poste SA,FRPTT,Transportation & Logistics,Industrials,1.4575835669546573,FR,1107000000.0,0.375,2027-09-17,EMTN,A,AT MATURITY,EUR,FR0013447604,1.49760438056126,2.471,2.406,2.66,2.454,2.351,2.783,2.43,2.7417003798263133,2.363,2.452,2.33,2.407,6,2.1577987679671455,58.39016118591678
NTPC Ltd,NTPCIN,Power Generation,Utilities,0.8548012768049346,IN,537650000.0,2.75,2027-02-01,EMTN,BBB-,AT MATURITY,EUR,XS1551677260,0.87337440109514,2.845,2.808,2.871,2.851,2.795,2.901,2.853,2.9237556881042357,2.801,2.807,2.804,2.79,10,2.1338829568788498,78.9872731225386
Procter & Gamble Co/The,PG,Consumer Products,Consumer Staples,13.726964541065849,US,693420000.0,0.9,2041-11-04,#N/A Field Not Applicable,AA-,AT MATURITY,EUR,XS2404214020,15.6303901437372,3.819,3.76,3.806,3.754,3.682,3.97,3.723,3.960231330396271,3.665,3.794,3.62,3.744,4,3.0293470225872694,93.08843078090017
Iberdrola International BV,IBESM,Utilities,Utilities,0.09294684082441808,ES,1129800000.0,1.125,2026-04-21,EMTN,BBB+,AT MATURITY,EUR,XS1398476793,0.0903490759753593,2.369,2.283,2.356,2.309,2.284,2.366,2.272,2.354385057929992,2.248,2.28,2.261,2.295,8,2.0805051334702247,27.38799244597674
PACCAR Financial Europe BV,PCAR,Transportation & Logistics,Industrials,0.1583387393816206,US,543950000.0,3.375,2026-05-15,EMtn,A+,AT MATURITY,EUR,XS2621812192,0.15605749486653,2.312,2.264,2.241,2.257,2.254,2.244,2.274,2.247039138765953,2.256,2.26,2.245,2.265,5,2.085236139630389,16.180299913556382
Volkswagen International Finance NV,VW,Automobiles Manufacturing,Consumer Discretionary,11.291487165611972,DE,256520000.0,3.5,2043-04-02,EMTN,BBB+,AT MATURITY,EUR,XS0911388832,17.0376454483231,5.478,5.439,5.605,5.401,5.361,5.693,5.409,5.693761416447742,5.393,5.482,5.455,5.44,8,3.0546776180698156,263.90837983779267
Unilever Finance Netherlands BV,UNANA,Consumer Products,Consumer Staples,2.023414336601644,GB,800800000.0,1.125,2028-04-29,EMTN,A+,AT MATURITY,EUR,XS1403015156,2.11362080766598,2.656,2.382,2.7,2.552,2.315,2.886,2.483,2.8404907333395037,2.399,2.38,2.371,2.414,5,2.2076577686516083,63.283296468789544
McDonald's Corp,MCD,Restaurants,Consumer Discretionary,2.013483245664836,US,864525000.0,1.75,2028-05-03,GMTN,BBB+,AT MATURITY,EUR,XS1403264291,2.12457221081451,2.671,2.534,2.84,2.609,2.537,3.029,2.629,2.9911040351126834,2.585,2.586,2.524,2.696,8,2.208588637919233,78.25153971934502
American Honda Finance Corp,HNDA,Automobiles Manufacturing,Consumer Discretionary,0.1991150630929946,US,668880000.0,2.433,2026-05-29,EMTN,A-,AT MATURITY,EUR,XS2911664667,0.194387405886379,2.229,2.186,2.188,2.193,2.173,2.223,2.205,2.2221748856461327,2.157,2.173,2.212,2.185,7,2.0879958932238183,13.417899242231446
Italgas SpA,IGIM,Utilities,Utilities,5.389154756804176,IT,554600000.0,1.0,2031-12-11,EMTN,BBB,AT MATURITY,EUR,XS2090807293,5.73032169746749,3.324,3.162,3.33,3.271,3.107,3.469,3.261,3.443100890678173,3.104,3.301,3.047,3.181,9,2.510234770704997,93.2866119973176
Autoroutes du Sud de la France SA,DGFP,Industrial Other,Industrials,1.931611192851898,FR,170040000.0,3.073,2028-04-18,EMTN,A-,AT MATURITY,EUR,FR0011472034,2.08350444900753,3.058,2.919,3.146,3.021,2.871,3.362,3.025,3.334589300714168,2.901,3.032,2.832,2.963,7,2.20509787816564,112.9491422548528
JAB Holdings BV,JABHOL,Financial Services,Financials,0.2694317905525989,LU,701520000.0,1.75,2026-06-25,#N/A Field Not Applicable,BBB,AT MATURITY,EUR,DE000A1919G4,0.268309377138946,2.403,2.249,2.332,2.282,2.287,2.472,2.247,2.46458254913164,2.271,2.202,2.319,2.232,9,2.093318275154003,37.126427397763706
Cie de Saint-Gobain SA,SGOFP,Construction Materials Manufacturing,Materials,4.637524047828082,FR,1181808000.0,1.875,2031-03-15,EMTN,BBB+,AT MATURITY,EUR,XS1962571011,4.98836413415469,3.119,2.989,3.301,3.064,2.942,3.576,3.082,3.557015918698265,2.979,3.09,2.947,3.001,8,2.4530458590006847,110.39700596975801
Coca-Cola Co/The,KO,Food & Beverage,Consumer Staples,12.561834984646158,US,1008610000.0,0.8,2040-03-15,#N/A Field Not Applicable,A+,AT MATURITY,EUR,XS2233155345,13.990417522245,3.947,3.895,3.941,3.889,3.82,4.093,3.861,4.083849668531444,3.806,3.936,3.792,3.885,5,2.9796358658453097,110.42138026861346
BP Capital Markets PLC,BPLN,Integrated Oils,Energy,1.5910856589765965,US,441816686.3,0.8309999999999998,2027-11-08,EMTN,A,AT MATURITY,EUR,XS1992931508,1.63997262149213,2.512,2.383,2.615,2.455,2.35,2.811,2.448,2.7873989183204206,2.373,2.465,2.314,2.398,6,2.1691978097193703,61.82011086010504
Verizon Communications Inc,VZ,Wireless Telecommunications Services,Communications,0.6019605981255892,US,864126061.0,1.375,2026-10-27,#N/A Field Not Applicable,BBB+,AT MATURITY,EUR,XS1708161291,0.607802874743327,2.283,2.189,2.327,2.256,2.2,2.457,2.239,2.4467004415360227,2.231,2.21,2.208,2.181,8,2.1177618069815196,32.893863455450315
Toyota Finance Australia Ltd,TOYOTA,Automobiles Manufacturing,Consumer Discretionary,1.7661323092954215,AU,573050000.0,0.44,2028-01-13,EMTN,A+,AT MATURITY,EUR,XS2430284930,1.82067077344285,2.68,2.654,2.832,2.614,2.616,3.02,2.624,3.0592727201200502,2.628,2.631,2.628,2.597,5,2.183653661875428,87.56190582446224
Italgas SpA,IGIM,Utilities,Utilities,0.8235143573066666,IT,797400000.0,1.625,2027-01-19,EMTN,BBB,AT MATURITY,EUR,XS1551917591,0.837782340862423,2.355,2.362,2.503,2.371,2.363,2.557,2.378,2.538283913973959,2.374,2.367,2.382,2.34,9,2.131320328542094,40.69635854318649
International Business Machines Corp,IBM,Software & Services,Technology,0.8502559463208179,US,1145000000.0,1.25,2027-01-29,#N/A Field Not Applicable,A-,AT MATURITY,EUR,XS1945110606,0.865160848733744,2.374,2.266,2.378,2.332,2.251,2.481,2.279,2.4696894053296075,2.258,2.246,2.256,2.249,7,2.1332915811088293,33.639782422077815
Deutsche Telekom AG,DT,Wireless Telecommunications Services,Communications,10.546293821608897,DE,561050000.0,2.25,2039-03-29,EMTN,BBB+,AT MATURITY,EUR,DE000A2LQRS3,13.0266940451745,3.837,3.746,3.779,3.767,3.683,3.939,3.733,3.9279619600111952,3.673,3.809,3.601,3.748,8,2.9430143737166308,98.49475862945644
Deutsche Bahn AG,DBHNGR,Travel & Lodging,Consumer Discretionary,9.336226005900752,DE,1197100000.0,0.625,2036-04-15,EMTN,AA+,AT MATURITY,EUR,XS2331271242,10.0752908966461,3.501,3.44,3.453,3.424,3.347,3.587,3.402,3.5679444133393767,3.329,3.503,3.244,3.448,2,2.8031409993155356,76.48034140238411
SNCF Reseau,RESFER,Transportation & Logistics,Industrials,2.444551975962531,FR,2862462500.0,3.125,2028-10-25,EMTN,A+,AT MATURITY,EUR,XS0985666436,2.60369609856263,2.718,2.579,2.804,2.646,2.511,2.951,2.649,2.9137619036128912,2.521,2.643,2.453,2.578,5,2.2493141683778233,66.4447735235068
Vodafone Group PLC,VOD,Wireless Telecommunications Services,Communications,10.436890263170875,GB,840375000.0,2.5,2039-05-24,EMTN,BBB,AT MATURITY,EUR,XS2002019060,13.1800136892539,4.201,4.068,4.154,4.129,4.003,4.347,4.084,4.348969208323929,3.984,4.145,3.949,4.064,9,2.948840520191648,140.0128688132281
Unilever Finance Netherlands BV,UNANA,Consumer Products,Consumer Staples,4.196530426300219,GB,752700000.0,1.375,2030-09-04,#N/A Field Not Applicable,A+,AT MATURITY,EUR,XS1873209172,4.46269678302532,2.871,2.735,2.982,2.832,2.695,3.115,2.85,3.070562568013887,2.715,2.844,2.699,2.743,5,2.4099411362080763,66.06214318058106
DSV Finance BV,DSVDC,Transportation & Logistics,Industrials,0.1358112057949717,DK,643620000.0,2.54,2026-11-06,EMTN,A-,AT MATURITY,EUR,XS2932830958,0.635181382614648,2.235,2.219,2.3,2.24,2.234,2.415,2.252,2.4663405027358527,2.254,2.26,2.25,2.25,7,2.1197330595482544,34.660744318759825
Toyota Motor Finance Netherlands BV,TOYOTA,Automobiles Manufacturing,Consumer Discretionary,0.9770658329971864,JP,786675000.0,4.0,2027-04-02,EMTN,A+,AT MATURITY,EUR,XS2696749626,1.03764544832307,2.437,2.435,2.584,2.422,2.409,2.693,2.464,2.6654624339473534,2.437,2.453,2.428,2.422,5,2.147193018480493,51.82694154668606
Perusahaan Perseroan Persero PT Perusahaan Listrik Negara,PLNIJ,Utilities,Utilities,5.13911364080858,ID,553400000.0,1.875,2031-11-05,144A,BBB,AT MATURITY,EUR,XS2073758612,5.63175906913073,3.895,3.944,3.926,3.917,3.918,4.028,3.913,4.029007767429439,3.89,3.924,3.821,3.947,9,2.5026454483230665,152.63623191063726
Vodafone Group PLC,VOD,Wireless Telecommunications Services,Communications,9.460061109494733,GB,881025000.0,2.875,2037-11-20,EMTN,BBB,AT MATURITY,EUR,XS1721422902,11.6741957563313,4.085,3.939,4.039,4.002,3.875,4.203,3.954,4.19164876750287,3.859,4.012,3.802,3.942,9,2.887709787816565,130.3938979686305
Ferrovie dello Stato Italiane SpA,FERROV,Travel & Lodging,Consumer Discretionary,0.3072231912590347,IT,784630000.0,1.125,2026-07-09,EMTN,BBB+,AT MATURITY,EUR,XS2026171079,0.306639288158795,2.411,2.326,2.357,2.361,2.206,2.429,2.331,2.4874115960631813,2.393,2.33,2.379,2.296,8,2.0960780287474328,39.13335673157485
Italgas SpA,IGIM,Utilities,Utilities,6.561835022165914,IT,605450000.0,0.5,2033-02-16,EMTN,BBB,AT MATURITY,EUR,XS2299002423,6.91581108829569,3.553,3.418,3.535,3.491,3.354,3.644,3.481,3.625399639337576,3.357,3.528,3.272,3.431,9,2.598770020533881,102.66296188036952
Coca-Cola Co/The,KO,Food & Beverage,Consumer Staples,2.8872444414989014,US,832020000.0,0.125,2029-03-09,#N/A Field Not Applicable,A+,AT MATURITY,EUR,XS2307863642,2.97330595482546,2.746,2.519,2.754,2.707,2.48,2.94,2.734,2.91554461242276,2.522,2.69,2.467,2.552,5,2.280731006160164,63.4813606262596
Holcim Finance Luxembourg SA,HOLNSW,Construction Materials Manufacturing,Materials,0.1364847222747276,CH,165600000.0,1.625,2026-05-07,EMTN,BBB+,AT MATURITY,EUR,XS2463497201,0.134154688569473,2.676,2.622,2.613,2.689,2.623,2.658,2.548,2.682738048490172,2.635,2.572,2.622,2.605,8,2.083659137577001,59.90789109131711
McDonald's Corp,MCD,Restaurants,Consumer Discretionary,1.140298835711727,US,653460000.0,1.875,2027-05-26,GMTN,BBB+,AT MATURITY,EUR,XS1237271421,1.1854893908282,2.421,2.331,2.553,2.373,2.325,2.692,2.397,2.648448165075613,2.331,2.379,2.316,2.33,8,2.140096509240246,50.835165583536664
NTT Finance Corp,NTT,Wireline Telecommunications Services,Communications,0.08058823457811343,JP,1745850000.0,2.516,2027-07-16,144A,A-,AT MATURITY,EUR,XS3100080442,1.32511978097194,2.328,2.291,2.357,2.317,2.298,2.465,2.323,2.4766015404150403,2.323,2.327,2.32,2.32,7,2.143310061601643,33.329147881339736
Toyota Motor Finance Netherlands BV,TOYOTA,Automobiles Manufacturing,Consumer Discretionary,1.8895819654835828,JP,366390000.0,0.0,2028-02-25,EMTN,A+,AT MATURITY,EUR,XS2307309380,1.93839835728953,2.586,2.518,2.702,2.547,2.44,2.826,2.57,2.7987049223278326,2.427,2.58,2.374,2.519,5,2.1930718685831625,60.563305374467014
Volkswagen International Finance NV,VW,Automobiles Manufacturing,Consumer Discretionary,2.7883399344932047,DE,277940000.0,3.0,2029-04-11,EMTN,BBB+,AT MATURITY,EUR,XS1055445966,3.06365503080082,3.686,3.371,3.556,3.626,3.308,3.722,3.54,3.7097761696830904,3.334,3.541,3.275,3.428,8,2.288665297741273,142.11108719418175
Investor AB,INVSA,Financial Services,Financials,3.270868467666161,SE,179018000.0,2.25,2029-09-24,EMTN,AA-,AT MATURITY,EUR,XS1113143736,3.51813826146475,3.358,3.233,3.418,3.291,3.172,3.571,3.312,3.5433885613811698,3.184,3.321,3.112,3.241,4,2.3291143052703625,121.42742561108074
Societa di Progetto Brebemi SpA,SOCPRO,Industrial Other,Industrials,13.055267950552258,IT,1342490500.0,0.0,2040-01-22,#N/A Field Not Applicable,BB+,AT MATURITY,EUR,IT0005388019,13.845311430527,6.187,5.971,5.967,6.111,5.871,6.084,6.062,6.082233993948827,5.855,6.025,5.792,5.958,11,2.9741218343600258,310.8112159588801
Novartis Finance SA,NOVNVX,Pharmaceuticals,Health Care,2.4295268509568286,US,558250000.0,0.625,2028-09-20,#N/A Field Not Applicable,AA-,AT MATURITY,EUR,XS1492825481,2.507871321013,2.43,2.357,2.41,2.41,2.329,2.533,2.422,2.5062398391949334,2.357,2.358,2.362,2.323,4,2.241169062286105,26.507077690882852
McDonald's Corp,MCD,Restaurants,Consumer Discretionary,3.497702312396185,US,593500000.0,1.5,2029-11-28,GMTN,BBB+,AT MATURITY,EUR,XS1725633413,3.69609856262834,2.793,2.64,2.994,2.72,2.636,3.172,2.765,3.141805086242784,2.692,2.731,2.736,2.687,8,2.3449527720739223,79.6852314168862
John Deere Cash Management SARL,DE,Machinery Manufacturing,Industrials,1.9224373662409489,US,650520000.0,1.85,2028-04-02,#N/A Field Not Applicable,A,AT MATURITY,EUR,XS2150006307,2.03969883641342,2.463,2.353,2.77,2.399,2.375,3.291,2.413,3.2902181909853208,2.415,2.406,2.394,2.334,6,2.2013744010951406,108.88437898901802
Deutsche Bahn AG,DBHNGR,Travel & Lodging,Consumer Discretionary,11.85679547104644,DE,488750000.0,3.875,2042-10-13,EMTN,AA+,AT MATURITY,EUR,XS2541394750,16.5694729637235,3.878,3.725,3.756,3.789,3.643,3.921,3.729,3.9153968266328354,3.623,3.778,3.555,3.717,2,3.046250513347023,86.91463132858127
Volkswagen International Finance NV,VW,Automobiles Manufacturing,Consumer Discretionary,10.128457935448663,DE,342275000.0,3.0,2039-07-01,EMTN,BBB+,AT MATURITY,EUR,XS1082890663,13.284052019165,4.75,4.528,4.614,4.645,4.442,4.834,4.571,4.835417343766452,4.43,4.643,4.4,4.526,8,2.95279397672827,188.26233670381822
Toyota Motor Finance Netherlands BV,TOYOTA,Automobiles Manufacturing,Consumer Discretionary,0.08032966070148102,JP,217360000.0,2.466,2026-10-16,EMTN,A+,AT MATURITY,EUR,XS2921399932,0.577686516084873,2.509,2.441,2.579,2.521,2.512,2.747,2.511,2.7588555037967843,2.433,2.47,2.542,2.488,5,2.115593429158111,64.32620746386735
Deutsche Bahn AG,DBHNGR,Travel & Lodging,Consumer Discretionary,0.8970330362127285,DE,227180000.0,0.791,2027-02-17,EMTN,AA+,AT MATURITY,EUR,XS2445114734,0.917180013689254,2.601,2.497,2.663,2.593,2.498,2.869,2.574,2.847662973870455,2.59,2.556,2.524,2.522,2,2.1370739219712527,71.05890518992024
GE Capital European Funding Unlimited Co,GE,Aerospace & Defense,Industrials,5.530830988151525,US,364733000.0,3.65,2032-08-23,EMTN,A-,AT MATURITY,EUR,XS0816246077,6.43121149897331,3.488,3.496,3.574,3.487,3.43,3.735,3.477,3.6819864278055614,3.43,3.546,3.344,3.499,7,2.5629096509240252,111.90767768815361
Robert Bosch Finance LLC,RBOSGR,Auto Parts Manufacturing,Consumer Discretionary,0.1965336555478333,US,959990000.0,2.463,2026-11-28,EMTN,A,AT MATURITY,EUR,DE000A4EBME7,0.695414099931554,2.272,2.233,2.271,2.26,,2.342,2.255,2.3912249782669086,2.269,2.279,2.262,2.274,6,2.1264845995893222,26.47403786775864
Lunar Funding V for Swisscom AG,SCMNVX,Wireline Telecommunications Services,Communications,0.561851990322599,CH,616700000.0,1.125,2026-10-12,#N/A Field Not Applicable,A-,AT MATURITY,EUR,XS1803247557,0.566735112936345,2.363,2.211,2.358,2.287,2.241,2.504,2.256,2.502048376506992,2.265,2.223,2.26,2.198,7,2.114804928131417,38.72434483755751
Terna - Rete Elettrica Nazionale,TRNIM,Utilities,Utilities,5.962408878502741,IT,581750000.0,0.75,2032-07-24,#N/A Field Not Applicable,BBB+,AT MATURITY,EUR,XS2209023402,6.34907597535934,3.38,3.268,3.45,3.328,3.204,3.605,3.317,3.5993283087687806,3.224,3.371,3.153,3.284,8,2.5568316221765914,104.24966865921891
Novartis Finance SA,NOVNVX,Pharmaceuticals,Health Care,0.6363721161748533,US,745980000.0,1.625,2026-11-09,#N/A Field Not Applicable,AA-,AT MATURITY,EUR,XS1134729794,0.643394934976044,2.281,2.232,2.39,2.243,2.183,2.487,2.215,2.4797468639863056,2.201,2.177,2.238,2.163,4,2.1203244353182753,35.94224286680303
BP Capital Markets PLC,BPLN,Integrated Oils,Energy,0.8962600927622653,US,1025256019.2,1.573,2027-02-16,EMTN,A,AT MATURITY,EUR,XS1190974011,0.914442162902122,2.404,2.319,2.489,2.401,2.305,2.629,2.409,2.619531718632519,2.34,2.4,2.33,2.333,6,2.136839835728953,48.269188290356624
Mercedes-Benz International Finance BV,MBGGR,Automobiles Manufacturing,Consumer Discretionary,0.06102828356623415,DE,542750000.0,2.222,2026-04-09,EMTN,A,AT MATURITY,EUR,DE000A3LW3B3,0.0574948665297741,2.279,2.199,2.154,2.247,2.217,2.244,2.248,2.220871677346677,2.183,2.24,2.176,2.23,6,2.0781396303901425,14.27320469565343
Italgas SpA,IGIM,Utilities,Utilities,3.883033578625677,IT,668700000.0,0.875,2030-04-24,EMTN,BBB,AT MATURITY,EUR,XS2032727310,4.09856262833676,3.054,2.937,3.117,3.005,2.886,3.268,2.998,3.251823566265681,2.88,3.06,2.813,2.963,9,2.3800821355236144,87.17414307420665
Coca-Cola Co/The,KO,Food & Beverage,Consumer Staples,9.182823935286493,US,602500000.0,0.95,2036-05-06,#N/A Field Not Applicable,A+,AT MATURITY,EUR,XS2339399359,10.1327857631759,3.631,3.54,3.622,3.547,3.479,3.802,3.537,3.784430045492079,3.465,3.608,3.446,3.54,5,2.8063032169746744,97.81268285174045
National Grid Electricity Transmission PLC,NGGLN,Utilities,Utilities,12.960724232338714,GB,762432000.0,0.872,2040-11-26,Emtn,BBB+,AT MATURITY,EUR,XS2264193819,14.6913073237509,4.21,4.117,4.115,4.152,4.015,4.299,4.125,4.284183225492459,3.988,4.183,3.952,4.12,8,3.0062696783025338,127.79135471899252
SNCF Reseau,RESFER,Transportation & Logistics,Industrials,0.5489425246477545,FR,5117760000.0,4.25,2026-10-07,EMTN,A+,AT MATURITY,EUR,XS0611783928,0.553045859000684,2.283,2.241,2.302,2.259,2.195,2.376,2.269,2.365478754220928,2.213,2.273,2.196,2.244,5,2.113819301848049,25.16594523728788
Red Electrica Financiaciones SA,REESM,Utilities,Utilities,0.09295087147750554,ES,564900000.0,1.0,2026-04-21,EMTN,BBB+,AT MATURITY,EUR,XS1395060491,0.0903490759753593,2.247,2.249,2.252,2.175,2.463,2.348,2.137,2.3077312267708003,2.224,2.175,2.206,2.23,8,2.0805051334702247,22.722609330057566
Toyota Motor Finance Netherlands BV,TOYOTA,Automobiles Manufacturing,Consumer Discretionary,0.1191170355972413,JP,533950000.0,2.426,2026-04-30,EMTN,A+,AT MATURITY,EUR,XS2812416480,0.114989733059548,2.267,2.15,2.222,2.233,2.177,2.32,2.226,2.3011800560123583,2.194,2.245,2.209,2.232,5,2.0822792607802865,21.890079523207184
Vonovia SE,ANNGR,Real Estate,Financials,0.8395518652659008,DE,395051020.0,1.75,2027-01-25,eMTN,BBB+,AT MATURITY,EUR,DE000A19B8E2,0.854209445585216,2.266,2.265,2.379,2.264,2.25,2.515,2.273,2.497746415922282,2.264,2.266,2.266,2.26,8,2.1325030800821354,36.52433358401468
Mercedes-Benz International Finance BV,MBGGR,Automobiles Manufacturing,Consumer Discretionary,0.8782233139505027,DE,577850000.0,1.5,2027-02-09,EMTN,A,AT MATURITY,EUR,DE000A194DE7,0.895277207392197,2.45,2.272,2.465,2.408,2.283,2.597,2.395,2.5857682861367413,2.303,2.345,2.279,2.277,6,2.135459958932238,45.03083272045032
Proximus SADP,PROXBB,Wireline Telecommunications Services,Communications,5.001519132677724,BE,112400000.0,1.75,2031-09-08,EMTN,BBB+,AT MATURITY,EUR,BE0002639202,5.47296372347707,3.956,3.775,3.947,3.856,3.685,4.066,3.85,4.054785399752987,3.702,3.867,3.636,3.774,8,2.4904182067077345,156.43671930452524
Procter & Gamble Co/The,PG,Consumer Products,Consumer Staples,3.976884276731579,US,577850000.0,0.35,2030-05-05,#N/A Field Not Applicable,AA-,AT MATURITY,EUR,XS2404213485,4.12867898699521,2.758,2.571,2.813,2.679,2.525,2.972,2.674,2.9449868534048984,2.528,2.679,2.518,2.583,4,2.3825516769336073,56.24351764712912
East Japan Railway Co,EJRAIL,Travel & Lodging,Consumer Discretionary,6.324532877472923,JP,707330000.0,1.85,2033-04-13,EMTN,A+,AT MATURITY,EUR,XS2459747874,7.06913073237509,3.355,3.241,3.323,3.305,3.204,3.468,3.276,3.470432038264592,3.186,3.31,3.145,3.252,5,2.6099082819986315,86.05237562659607
JAB Holdings BV,JABHOL,Financial Services,Financials,4.991123934072216,LU,361734810.0,1.0,2031-07-14,#N/A Field Not Applicable,BBB,AT MATURITY,EUR,DE000A3KPTG6,5.31964407939767,3.33,3.167,3.304,3.268,3.109,3.48,3.243,3.4571157387570337,3.11,3.266,3.016,3.178,9,2.4786125941136206,97.85031446434131
Deutsche Telekom International Finance BV,DT,Wireline Telecommunications Services,Communications,4.09470022940255,DE,417690000.0,4.5,2030-10-28,EMTN,BBB+,AT MATURITY,EUR,XS0553728709,4.61054072553046,2.547,2.554,2.889,2.513,2.552,3.028,2.551,2.98204351247854,2.58,2.606,2.563,2.55,8,2.422064339493498,55.997917298504206
Cie de Saint-Gobain SA,SGOFP,Construction Materials Manufacturing,Materials,5.811616721361332,FR,289136100.0,3.875,2033-03-28,EMTN,BBB+,AT MATURITY,EUR,XS0906397491,7.02532511978097,3.976,3.861,3.962,3.899,3.773,4.106,3.891,4.0861213062356185,3.783,3.942,3.695,3.854,8,2.6067980835044486,147.932322273117
Investor AB,INVSA,Financial Services,Financials,8.767929731945788,SE,129160000.0,2.45,2036-09-09,EMTN,AA-,AT MATURITY,EUR,XS1107512227,10.4777549623546,4.072,3.987,3.981,4.006,3.884,4.142,3.976,4.133931556189769,3.861,4.032,3.758,3.964,4,2.825276522929503,130.86550332602664
Toyota Motor Finance Netherlands BV,TOYOTA,Automobiles Manufacturing,Consumer Discretionary,0.1771296801037905,JP,557300000.0,2.454,2026-08-21,EMTN,A+,AT MATURITY,EUR,XS2883975976,0.424366872005476,2.254,2.212,2.27,2.24,2.221,2.401,2.253,2.4054840438912013,2.246,2.252,2.238,2.244,5,2.1045544147843938,30.092962910680754
Deutsche Telekom International Finance BV,DT,Wireline Telecommunications Services,Communications,6.497046051677862,DE,291975000.0,2.2,2033-07-25,EMTN,BBB+,AT MATURITY,EUR,XS1858856740,7.35112936344969,3.611,3.484,3.572,3.539,3.409,3.714,3.533,3.694309894292725,3.414,3.543,3.341,3.484,8,2.629930184804928,106.43797094877966
Cadent Finance PLC,CDTFIN,Utilities,Utilities,5.653350331352336,GB,564250000.0,0.75,2032-03-11,EMTN,BBB+,AT MATURITY,EUR,XS2116701348,5.97946611909651,3.479,3.359,3.498,3.434,3.295,3.654,3.414,3.6290929183788903,3.284,3.452,3.221,3.374,8,2.5294188911704314,109.96740272084588
La Poste SA,FRPTT,Transportation & Logistics,Industrials,2.3474992715137155,FR,599820000.0,2.625,2028-09-14,EMTN,A,AT MATURITY,EUR,FR001400CN47,2.49144421629021,2.672,2.588,2.813,2.625,2.534,2.979,2.68,2.9473156302166728,2.555,2.682,2.495,2.576,6,2.239772758384668,70.75428718320049
Sky Ltd,CMCSA,Cable & Satellite,Communications,0.4899676614240717,GB,1293200000.0,2.5,2026-09-15,EMTN,A-,AT MATURITY,EUR,XS1109741329,0.492813141683778,2.403,2.325,2.362,2.331,2.306,2.447,2.327,2.437644262872227,2.316,2.272,2.322,2.306,7,2.1094825462012317,32.81617166709951
SNCF Reseau,RESFER,Transportation & Logistics,Industrials,3.946538541928761,FR,2220660000.0,1.125,2030-05-25,EMTN,A+,AT MATURITY,EUR,XS1186684137,4.18343600273785,3.0,2.845,3.007,2.927,2.758,3.16,2.93,3.1242820377066143,2.752,2.908,2.659,2.838,5,2.3870417522245035,73.72402854821107
BMW Finance NV,BMW,Automobiles Manufacturing,Consumer Discretionary,3.074050178020817,DE,115860000.0,2.764,2029-07-17,EMTN,A,AT MATURITY,EUR,XS3123532882,3.32922655715264,2.891,2.894,3.065,2.901,2.856,3.205,2.919,3.1737891696646487,2.836,2.978,2.747,2.887,6,2.312301163586585,86.14880060780638
Vodafone Group PLC,VOD,Wireless Telecommunications Services,Communications,3.455909729676625,GB,695888755.9,1.875,2029-11-20,EMTN,BBB,AT MATURITY,EUR,XS1721422068,3.67419575633128,2.767,2.686,2.957,2.726,2.672,3.152,2.725,3.1441640029018068,2.689,2.746,2.674,2.685,9,2.3430034223134837,80.11605805883231
Cie de Saint-Gobain SA,SGOFP,Construction Materials Manufacturing,Materials,2.380908663795625,FR,821940000.0,1.875,2028-09-21,EMTN,BBB+,AT MATURITY,EUR,XS1881593971,2.51060917180014,2.584,2.432,2.812,2.514,2.43,3.173,2.524,3.1674555816391585,2.461,2.522,2.431,2.438,8,2.2414017796030117,92.60538020361469
Orange SA,ORAFP,Wireless Telecommunications Services,Communications,7.571013046975387,FR,337620000.0,1.2,2034-07-11,EMTB,BBB+,AT MATURITY,EUR,FR0013433679,8.31211498973306,3.583,3.36,3.557,3.487,3.319,3.631,3.469,3.611325727918999,3.364,3.487,3.304,3.389,8,2.695975359342916,91.5350368576083
Mercedes-Benz International Finance BV,MBGGR,Automobiles Manufacturing,Consumer Discretionary,0.2348189068807991,DE,536850000.0,2.238,2026-06-11,EMTN,A,AT MATURITY,EUR,DE000A3LZW01,0.229979466119097,2.226,2.194,2.238,2.224,2.2,2.355,2.235,2.3306749870201418,2.2,2.24,2.191,2.227,6,2.090558521560574,24.01164654595678
East Japan Railway Co,EJRAIL,Travel & Lodging,Consumer Discretionary,11.801981672027155,JP,826280000.0,1.104,2039-09-15,EMTN,A+,AT MATURITY,EUR,XS2385121749,13.492128678987,4.001,3.925,3.968,3.971,3.879,4.103,3.919,4.10910956316003,3.871,3.967,3.821,3.931,5,2.960700889801506,114.8408673358524
BASF SE,BASGR,Chemicals,Materials,6.135733420267132,DE,257960000.0,2.875,2033-05-16,EMTN,A-,AT MATURITY,EUR,XS0932307100,7.15947980835044,3.924,3.792,3.886,3.859,3.71,4.063,3.839,4.0472224044447005,3.695,3.883,3.611,3.8,7,2.6163230663928814,143.08993380518191
Engie SA,ENGIFP,Power Generation,Utilities,5.638216350778824,FR,112650000.0,1.625,2032-06-07,EMTN,BBB+,AT MATURITY,EUR,FR0013260767,6.22039698836413,3.893,3.739,3.868,3.818,3.656,4.008,3.808,3.9873139184935305,3.67,3.847,3.595,3.749,8,2.5473093771389457,144.00045413545848
Toyota Finance Australia Ltd,TOYOTA,Automobiles Manufacturing,Consumer Discretionary,1.5282886401716622,AU,542200000.0,2.28,2027-10-21,EMTN,A+,AT MATURITY,EUR,XS2156236452,1.59069130732375,2.486,2.414,2.669,2.466,2.42,2.861,2.477,2.8669406025672,2.43,2.463,2.451,2.407,5,2.1652553045858998,70.16852979813004
GE Capital European Funding Unlimited Co,GE,Aerospace & Defense,Industrials,0.9095352326713751,US,367293460.0,4.625,2027-02-22,EMTN,A-,AT MATURITY,EUR,XS0288429532,0.930869267624914,2.555,2.459,2.693,2.539,2.384,2.94,2.547,2.908140853245499,2.374,2.552,2.432,2.492,7,2.1390451745379875,76.90956787075116
ENEL Finance International NV,ENELIM,Utilities,Utilities,4.329896892360645,IT,207300000.0,5.6,2031-03-10,GMTN,BBB+,AT MATURITY,EUR,XS0603195370,4.97467488021903,3.779,3.658,3.749,3.749,3.527,3.917,3.756,3.842232574455233,3.501,3.78,3.479,3.638,8,2.4519233401779608,139.0309234277272
Repsol International Finance BV,REPSM,Integrated Oils,Energy,4.2293864473660125,ES,108720000.0,5.375,2031-01-27,EMTN,BBB+,AT MATURITY,EUR,XS1352121724,4.85968514715948,3.677,3.614,3.834,3.575,3.539,3.992,3.576,3.9222278503759176,3.59,3.734,3.491,3.65,8,2.4424941820670774,147.97336683088403
Unilever Finance Netherlands BV,UNANA,Consumer Products,Consumer Staples,0.8916945281960302,GB,633900000.0,1.0,2027-02-14,EMTN,A+,AT MATURITY,EUR,XS1566101603,0.908966461327858,2.251,2.285,2.4,2.252,2.231,2.556,2.297,2.536419813159277,2.271,2.27,2.25,2.246,5,2.136445585215606,39.99742279436709
Iberdrola Finanzas SA,IBESM,Utilities,Utilities,4.285662241190996,ES,119548000.0,1.782,2030-10-30,EMTN,BBB+,AT MATURITY,EUR,XS1610777556,4.61601642710472,3.411,3.308,3.463,3.346,3.234,3.585,3.351,3.564211760859887,3.245,3.397,3.166,3.31,8,2.422513347022587,114.16984138372999
Mercedes-Benz Finance Canada Inc,MBGGR,Automobiles Manufacturing,Consumer Discretionary,3.030398043140636,DE,117750000.0,2.808,2029-07-04,EMTN,A,AT MATURITY,EUR,XS3106096764,3.29363449691992,,,,,,3.385,,3.385474149983007,,,3.031,,6,2.3091334702258726,107.63406797571346
Toyota Motor Finance Netherlands BV,TOYOTA,Automobiles Manufacturing,Consumer Discretionary,2.904034012981569,JP,113410000.0,2.969,2029-05-21,EMTN,A+,AT MATURITY,EUR,XS3076246217,3.17316906228611,3.238,3.121,3.349,3.182,3.077,3.492,3.17,3.440334895428806,3.091,3.21,3.032,3.133,5,2.2984120465434636,114.19228488853426
American Honda Finance Corp,HNDA,Automobiles Manufacturing,Consumer Discretionary,0.1163718633946593,US,865760000.0,2.419,2026-04-29,#N/A Field Not Applicable,A-,AT MATURITY,EUR,XS2870147597,0.112251882272416,2.148,2.079,2.096,2.131,2.085,2.11,2.139,2.1713885593034807,2.094,2.141,2.11,2.12,7,2.082082135523613,8.930642377986775
Iberdrola Finanzas SA,IBESM,Utilities,Utilities,9.802441936582246,ES,113110000.0,1.0,2037-02-02,EMTN,BBB+,AT MATURITY,EUR,XS2439701488,10.8774811772758,4.29,4.168,4.186,4.2,4.077,4.314,4.123,4.3185409805670005,4.07,4.238,3.988,4.177,8,2.847261464750169,147.12795158168313
Enel SpA,ENELIM,Power Generation,Utilities,6.051158279025343,IT,147225000.0,5.5,2033-10-07,EMTN,BBB,AT MATURITY,EUR,XS0177699369,7.55373032169747,4.121,3.922,4.022,4.027,3.817,4.2,3.975,4.155684940647486,3.863,4.045,3.79,3.95,9,2.6443148528405205,151.13700878069656
McDonald's Corp,MCD,Restaurants,Consumer Discretionary,2.988204713776744,US,541440000.0,2.625,2029-06-11,GMTN,BBB+,AT MATURITY,EUR,XS1075995768,3.23066392881588,2.832,2.693,2.94,2.759,2.659,3.12,2.786,3.088774092258044,2.661,2.781,2.632,2.721,8,2.3035290896646132,78.52450025934306
Hera SpA,HERIM,Utilities,Utilities,0.5667391390800233,IT,357824578.5,0.875,2026-10-14,EMTN,BBB+,AT MATURITY,EUR,XS1504194173,0.572210814510609,2.422,2.33,2.467,2.391,2.329,2.639,2.377,2.638498615102475,2.356,2.316,2.363,2.301,8,2.115199178644764,52.3299436457711
Traton Finance Luxembourg SA,TRAGR,Transportation & Logistics,Industrials,0.1907968727584286,DE,113580000.0,2.397,2026-05-26,EMTN,BBB,AT MATURITY,EUR,DE000A4EBUQ4,0.186173853524983,2.45,2.289,2.344,2.398,2.277,2.475,2.34,2.378474800920108,2.254,2.303,2.286,2.242,9,2.087404517453798,29.107028346631036
Electricite de France SA,EDF,Power Generation,Utilities,3.635703828042793,FR,107960000.0,1.874,2034-04-01,EMTN,BBB+,AT MATURITY,EUR,FR001400R2I3,8.03559206023272,1.874,1.874,1.874,1.874,1.874,1.874,1.874,1.8739293146510287,1.874,1.874,1.874,1.874,8,2.6782778918548944,-80.43485772038656
Netflix Inc,NFLX,Entertainment Content,Communications,3.3616234268049108,US,1341720000.0,3.875,2029-11-15,144a,A-,AT MATURITY,EUR,XS1989380503,3.66050650239562,2.994,2.842,3.041,2.891,2.825,3.255,2.874,3.235284314204128,2.826,2.954,2.737,2.867,7,2.34178507871321,89.34992354909181
Iberdrola Finanzas SA,IBESM,Utilities,Utilities,2.783370413514501,ES,106100000.0,1.667,2029-02-20,EMTN,BBB+,AT MATURITY,EUR,XS1568849282,2.92676249144422,3.164,3.094,3.314,3.153,3.037,3.443,3.165,3.416797407921672,3.065,3.195,3.001,,8,2.2767748117727584,114.00225961489134
Unilever Finance Netherlands BV,UNANA,Consumer Products,Consumer Staples,3.195103016327747,GB,885825000.0,1.375,2029-07-31,EMTN,A+,AT MATURITY,EUR,XS1654192274,3.36755646817248,2.598,2.515,2.726,2.552,2.491,2.881,2.577,2.8610192194549047,2.527,2.521,2.546,2.496,5,2.3157125256673505,54.53066937875541
HKT Capital No 3 Ltd,HKTGHD,Wireline Telecommunications Services,Communications,1.03314872735733,HK,211840000.0,1.65,2027-04-10,#N/A Field Not Applicable,BBB,AT MATURITY,EUR,XS1214934629,1.05954825462012,3.165,2.981,3.251,3.122,2.98,3.458,3.081,3.4112206388750823,2.97,3.065,3.026,3.033,9,2.146141683778234,126.50789550968481
Ferrovie dello Stato Italiane SpA,FERROV,Travel & Lodging,Consumer Discretionary,0.02237998508764852,IT,248880000.0,3.085,2030-03-26,EMTN,BBB+,AT MATURITY,EUR,XS1799621369,4.01916495550992,2.905,2.903,2.903,2.911,2.892,3.068,2.932,3.0646506544525662,2.884,2.947,2.873,2.908,8,2.3735715263518133,69.10791281007529
Procter & Gamble Co/The,PG,Consumer Products,Consumer Staples,10.681819814287977,US,567450000.0,1.875,2038-10-30,#N/A Field Not Applicable,AA-,AT MATURITY,EUR,XS1900752905,12.6160164271047,3.657,3.523,3.636,3.57,3.462,3.785,3.552,3.7843501036536833,3.45,3.598,3.412,3.545,4,2.9274086242299786,85.69414794237046
Deutsche Bahn AG,DBHNGR,Travel & Lodging,Consumer Discretionary,13.897122237300568,DE,141687500.0,1.85,2043-11-23,EMTN,AA+,AT MATURITY,EUR,XS1910864492,17.6810403832991,4.431,4.292,4.253,4.307,4.198,4.397,4.248,4.375005393802412,4.178,4.339,4.098,4.283,2,3.0662587268993837,130.8746666903028
Ferrovie dello Stato Italiane SpA,FERROV,Travel & Lodging,Consumer Discretionary,4.489162631490755,IT,303600000.0,0.641,2030-12-04,EMTN,BBB+,AT MATURITY,EUR,XS2268334807,4.71184120465435,,,3.427,,,3.532,,3.5008096678911405,,,3.082,,8,2.430370978781657,107.04386891094835
Abertis Infraestructuras SA,ABESM,Industrial Other,Industrials,8.459976770058761,ES,193412500.0,5.99,2038-05-14,#N/A Field Not Applicable,BBB-,AT MATURITY,EUR,ES0211845229,12.1533196440794,4.289,,4.272,4.273,,4.37,4.257,4.357631283839823,,4.325,4.043,,10,2.9098261464750173,144.7805137364806
Unilever PLC,UNANA,Consumer Products,Consumer Staples,11.265566175613882,GB,736385000.0,1.5,2039-06-11,#N/A Field Not Applicable,A+,AT MATURITY,EUR,XS2008925344,13.2292950034223,3.788,3.602,3.691,3.714,3.532,3.911,3.665,3.915340887878207,3.513,3.684,3.486,3.586,5,2.950713210130047,96.462767774816
Telefonica Emisiones SA,TELEFO,Wireline Telecommunications Services,Communications,14.325245376602163,ES,155760000.0,4.0,2051-12-28,EMTN,BBB-,AT MATURITY,EUR,XS1542177545,25.7768651608487,5.622,5.549,5.47,5.509,5.46,5.574,5.457,5.572323589143113,5.44,5.561,5.351,5.533,10,3.1296892539356604,244.26343352074525
Proximus SADP,PROXBB,Wireline Telecommunications Services,Communications,1.8501105129035536,BE,194130000.0,3.19,2028-03-20,EMTN,BBB+,AT MATURITY,EUR,BE6251142749,2.0041067761807,3.127,3.036,3.263,3.12,2.983,3.452,3.116,3.4192706415236507,2.998,3.114,2.971,3.045,8,2.1983490759753592,122.09215655482915
Equinor ASA,EQNR,Integrated Oils,Energy,6.605823208049487,NO,206220000.0,3.345,2033-12-12,EMTN,AA-,AT MATURITY,EUR,XS1004979727,7.73442847364819,3.893,3.773,3.866,3.804,3.707,3.995,3.857,3.9399734528810697,3.709,3.859,3.598,3.827,4,2.6571444216290216,128.2829031252048
SNCF Reseau,RESFER,Transportation & Logistics,Industrials,9.70429047262381,FR,1650245000.0,1.5,2037-05-29,EMTN,A+,AT MATURITY,EUR,XS1388864503,11.1950718685832,4.011,3.858,3.911,3.926,3.751,4.069,3.918,4.0444687322085,3.706,3.899,3.622,3.836,5,2.86375359342916,118.07151387793402
BMW Finance NV,BMW,Automobiles Manufacturing,Consumer Discretionary,5.072779566516573,DE,169950000.0,1.0,2031-08-18,EMTN,A,AT MATURITY,EUR,XS1475046675,5.4154688569473,3.549,3.359,3.537,3.496,3.327,3.673,3.459,3.660049990609412,3.341,3.499,3.237,3.373,6,2.485991101984942,117.405888862447
Bertelsmann SE & Co KGaA,BERTEL,Publishing & Broadcasting,Communications,1.1388008810201986,DE,108930000.0,1.0,2027-05-25,.,BBB,AT MATURITY,EUR,XS2179082727,1.18275154004107,2.901,2.789,3.015,2.822,2.765,3.3,2.829,3.2822287746225487,2.773,2.834,2.808,2.792,9,2.140227926078029,114.20008485445199
Vodafone Group PLC,VOD,Wireless Telecommunications Services,Communications,2.610714320236723,GB,235266875.0,0.0,2028-12-01,EMTN,BBB,AT MATURITY,EUR,XS0401837280,2.70499657768652,3.293,3.166,3.414,3.26,3.116,3.566,3.249,3.526373223390644,3.114,3.281,3.072,3.186,9,2.2579247091033543,126.84485142872899
BASF SE,BASGR,Chemicals,Materials,12.374794222003128,DE,269260000.0,3.25,2043-02-12,EMTN,A-,AT MATURITY,EUR,XS0888667200,16.9034907597536,4.344,4.167,4.213,4.255,4.091,4.397,4.195,4.363031234692521,4.066,4.271,3.993,4.196,7,3.052262833675565,131.0768401016956
SNCF Reseau,RESFER,Transportation & Logistics,Industrials,17.71753780423778,FR,261420000.0,3.38,2063-06-04,EMTN,A+,AT MATURITY,EUR,XS0939098363,37.2101300479124,4.892,4.799,4.718,4.843,4.734,4.868,4.813,4.860445969353401,4.651,4.858,4.574,4.761,5,3.1056485968514718,175.47973725019287
Eni SpA,ENIIM,Integrated Oils,Energy,12.198962778399554,IT,100252500.0,3.875,2043-11-09,EMtN,A-,AT MATURITY,EUR,BE6259268520,17.6427104722793,4.512,4.36,4.297,4.387,4.236,4.462,4.337,4.428258330287646,4.224,4.417,4.144,4.333,7,3.0655687885010274,136.26895417866183
Elenia Verkko Oyj,ELEVER,Utilities,Utilities,4.223642628686903,FI,206340000.0,4.102,2030-12-17,EMTN,BBB,AT MATURITY,EUR,XS1005287203,4.74743326488706,3.55,3.422,3.536,3.492,3.349,3.671,3.456,3.6196584525319433,3.333,3.505,3.259,3.429,9,2.433289527720739,118.63689248112044
Enel SpA,ENELIM,Power Generation,Utilities,0.4894379594657334,IT,183960000.0,2.715,2029-03-15,EMTN,BBB,AT MATURITY,EUR,XS0188004542,2.98973305954825,,2.949,3.082,,2.947,3.193,,3.228890186095615,2.952,2.977,3.022,2.958,9,2.2821273100616013,94.67628760340139
Heineken NV,HEIANA,Food & Beverage,Consumer Staples,6.128897113208986,NL,130680000.0,2.562,2033-04-19,EMTN,BBB+,AT MATURITY,EUR,XS0920838371,7.08555783709788,3.987,3.859,3.959,3.914,3.786,4.071,3.9,4.064804484583616,3.822,3.96,3.779,3.89,8,2.6110746064339496,145.37298781496668
Volvo Treasury AB,VLVY,Transportation & Logistics,Industrials,0.4968367693921839,SE,142153000.0,2.5,2026-09-18,EMTN,A,AT MATURITY,EUR,XS1111448186,0.501026694045175,2.736,2.704,2.778,2.74,2.691,2.917,2.763,2.903783309068594,2.706,2.714,2.707,2.684,6,2.1100739219712525,79.37093870973415
National Grid Electricity Transmission PLC,NGGLN,Utilities,Utilities,7.44066335963968,GB,135740000.0,3.21,2035-01-30,EMTN,BBB+,AT MATURITY,EUR,XS0882170391,8.86789869952088,4.31,4.111,4.21,4.167,4.036,4.475,4.157,4.423639709981459,4.035,4.219,4.042,4.132,8,2.7315455167693368,169.20941932121224
Linde Finance BV,LIN,Chemicals,Materials,4.246700128258446,US,113460000.0,1.9,2030-10-21,EMTN,A,AT MATURITY,EUR,XS1309526405,4.59137577002053,3.454,3.328,3.541,3.403,,3.692,3.393,3.665430687585963,3.282,3.464,3.209,3.329,6,2.4204928131416836,124.49378744442794
National Grid Electricity Transmission PLC,NGGLN,Utilities,Utilities,12.050692337567508,GB,107930000.0,1.151,2040-02-20,EMTn,BBB+,AT MATURITY,EUR,XS2123085958,13.9247091033539,4.625,4.46,4.502,,4.391,4.686,,4.696319394208523,4.379,4.556,4.323,4.479,8,2.977138945927448,171.91804482810747
SNCF Reseau,RESFER,Transportation & Logistics,Industrials,8.103410686946654,FR,550130000.0,2.384,2048-03-17,emtn,A+,AT MATURITY,EUR,XS0352558422,21.9958932238193,3.415,3.466,3.415,3.369,3.412,3.585,3.372,3.6011996851146053,3.386,3.412,3.303,3.44,5,3.1167819301848048,48.44177549298006
Deutsche Telekom International Finance BV,DT,Wireline Telecommunications Services,Communications,0.8234112957115605,DE,103448000.0,4.3,2027-01-20,EMTN,BBB+,AT MATURITY,EUR,XS0732998967,0.840520191649555,2.728,2.69,2.837,2.747,2.694,2.959,2.744,2.939497335167,2.715,2.701,2.696,2.688,8,2.1315174537987676,80.79798813682326
Ferrovie dello Stato Italiane SpA,FERROV,Travel & Lodging,Consumer Discretionary,0.269122429961061,IT,155274000.0,3.026,2029-12-23,EMTN,BBB+,AT MATURITY,EUR,XS2097321900,3.76454483230664,,,2.817,,2.805,2.987,,2.983131988620181,2.794,,2.786,,8,2.351044490075291,63.208749854489014
Elenia Verkko Oyj,ELEVER,Utilities,Utilities,7.696809702593794,FI,187307400.0,2.735,2035-06-14,EMTn,BBB,AT MATURITY,EUR,XS1837142444,9.23750855578371,4.199,4.141,4.187,4.115,4.058,4.342,4.131,4.319708399204227,4.035,4.21,3.955,4.144,9,2.754013004791239,156.56953944129884
DP World Ltd/United Arab Emirates,DPWDU,Transportation & Logistics,Industrials,0.5141084364401259,AE,882975000.0,2.375,2026-09-25,144a,BBB,AT MATURITY,EUR,XS1883966076,0.520191649555099,2.588,2.538,3.167,2.646,2.673,3.378,2.635,3.412017977028929,2.681,2.628,2.748,2.644,9,2.111453798767967,130.0564178260962
National Grid Electricity Transmission PLC,NGGLN,Utilities,Utilities,10.680878352064148,GB,126821250.0,2.037,2039-02-15,EMTN,BBB+,AT MATURITY,EUR,XS1952078365,12.911704312115,4.606,4.589,4.503,4.579,4.497,4.69,4.554,4.683704894026777,4.34,4.573,4.341,4.592,8,2.93864476386037,174.50601301664065
SNCF Reseau,RESFER,Transportation & Logistics,Industrials,21.82988614185363,FR,111440000.0,1.425,2119-08-14,EMTN,A+,AT MATURITY,EUR,XS2039711929,93.4017796030116,4.881,4.774,4.66,4.823,4.721,4.819,4.786,4.824533484919865,4.61,4.76,4.534,4.735,5,2.7872696783025335,203.72638066173315
SNCF Reseau,RESFER,Transportation & Logistics,Industrials,6.688551806051854,FR,205920000.0,4.255,2034-03-16,EMTN,A+,AT MATURITY,EUR,XS0494487837,7.9917864476386,3.798,3.694,3.778,3.763,3.604,3.968,3.766,3.951550359123301,3.564,3.774,3.48,3.68,5,2.6754168377823406,127.61335213409603
National Grid Electricity Transmission PLC,NGGLN,Utilities,Utilities,5.624088555067422,GB,128960000.0,3.35,2032-09-27,EMTN,BBB+,AT MATURITY,EUR,XS0834487414,6.52703627652293,4.206,4.106,4.134,,4.022,4.241,,4.239920908582689,4.023,4.155,3.901,4.115,8,2.570000684462697,166.9920224119992
BG Energy Capital PLC,BGGRP,Exploration & Production,Energy,6.40553987505397,US,135100000.0,3.5,2033-10-17,EMTN,AA-,AT MATURITY,EUR,XS0982777657,7.58110882956879,4.225,4.028,4.072,4.158,3.942,4.186,4.079,4.180452413597734,3.939,4.117,3.799,4.041,4,2.6462587268993842,153.41936866983494
SNCF Reseau,RESFER,Transportation & Logistics,Industrials,12.9758371292287,FR,128001500.0,3.221,2045-04-25,EMTN,A+,AT MATURITY,EUR,XS1061429632,19.1019849418207,4.57,4.459,4.391,4.507,4.349,4.585,4.477,4.575991772167916,4.292,4.477,4.21,4.422,5,3.0918357289527725,148.4156043215144
SNCF Reseau,RESFER,Transportation & Logistics,Industrials,13.75818190023403,FR,128001500.0,3.234,2047-04-25,EMTN,A+,AT MATURITY,EUR,XS1061430051,21.1006160164271,4.637,4.513,4.492,4.567,4.447,4.679,4.548,4.664824434605977,4.344,4.527,4.309,4.488,5,3.1128427104722793,155.1981724133698
Ferrovie dello Stato Italiane SpA,FERROV,Travel & Lodging,Consumer Discretionary,3.2153389565552186,IT,112270000.0,1.035,2029-08-07,EMTN,BBB+,AT MATURITY,EUR,XS2038721861,3.38672142368241,3.157,3.009,3.251,3.076,2.974,3.433,3.033,3.4007337083477167,2.996,3.087,2.92,3.018,8,2.3174182067077345,108.33155016399823
Cie de Saint-Gobain SA,SGOFP,Construction Materials Manufacturing,Materials,7.882857736072663,FR,111960000.0,1.875,2035-05-03,EMTN,BBB+,AT MATURITY,EUR,XS1991268571,9.12251882272416,4.212,,4.18,,,,,4.327719939998408,,,3.96,,8,2.7472286105407258,158.04913294576824
Chorus Ltd,CNUNZ,Wireline Telecommunications Services,Communications,5.789426685583788,NZ,463720000.0,3.529,2032-11-26,EMTN,BBB,AT MATURITY,EUR,XS3227367110,6.69130732375086,3.652,3.521,3.651,3.62,3.468,3.771,3.576,3.8069650466666944,3.467,3.612,3.432,3.545,9,2.5821567419575637,122.48083047091308
Caterpillar Financial Services Corp,CAT,Machinery Manufacturing,Industrials,2.524578774089409,US,691740000.0,2.541,2028-11-20,EMTN,A,AT MATURITY,EUR,XS3231164586,2.67488021902806,2.722,2.623,2.864,2.668,2.573,3.13,2.672,3.0811026308429725,2.585,2.711,2.527,2.625,6,2.255364818617385,82.57378122255874
Volvo Treasury AB,VLVY,Transportation & Logistics,Industrials,0.171553033395763,SE,576650000.0,2.371,2027-11-19,EMTN,A,AT MATURITY,EUR,XS3234003344,1.67008898015058,2.364,2.325,2.373,2.348,2.327,2.491,2.357,2.5009508772750557,2.347,2.364,2.334,2.358,6,2.1716071184120462,32.93437588630095
Novo Nordisk Finance Netherlands BV,NOVOB,Pharmaceuticals,Health Care,0.1741844851445031,DK,749385000.0,2.206,2027-11-20,EMTN,AA-,AT MATURITY,EUR,XS3232920275,1.67282683093771,2.227,2.199,2.266,2.216,2.203,2.408,2.227,2.4003785317134065,2.228,2.231,2.221,2.224,4,2.171826146475017,22.85523852383897
Electricite de France SA,EDF,Power Generation,Utilities,0.1962217753195091,FR,580150000.0,2.331,2027-11-28,EMTN,BBB+,AT MATURITY,EUR,FR0014014MY0,1.69472963723477,2.381,2.283,2.354,2.371,2.295,2.49,2.361,2.4882350727044757,2.309,2.324,2.301,2.305,8,2.1735783709787815,31.465670172569425
Thermo Fisher Scientific Finance I BV,TMO,Medical Equipment & Devices Manufacturing,Health Care,0.2072196338836303,US,1162100000.0,2.293,2027-12-01,#N/A Field Not Applicable,A-,AT MATURITY,EUR,XS3241801847,1.70294318959617,2.29,2.247,2.313,2.275,2.253,2.46,2.284,2.460942860782089,2.279,2.292,2.274,2.279,7,2.1742354551676937,28.670740561439523
Volkswagen Bank GmbH,VW,Automobiles Manufacturing,Consumer Discretionary,3.435095189252227,DE,1165900000.0,3.125,2029-12-10,EMTN,A-,AT MATURITY,EUR,XS3249926935,3.72895277207392,3.284,3.024,3.26,3.217,2.995,3.439,3.149,3.4108063918754334,3.014,3.14,2.952,3.0,7,2.3478767967145786,106.29295951608549
Volkswagen Bank GmbH,VW,Automobiles Manufacturing,Consumer Discretionary,0.2321485498811082,DE,874425000.0,2.699,2027-12-10,EMTN,A-,AT MATURITY,EUR,XS3249926695,1.72758384668036,2.587,2.537,2.615,2.572,2.542,2.721,2.579,2.7255890478652285,2.564,2.581,2.552,2.572,7,2.176206707734429,54.938234013079956
Volkswagen Bank GmbH,VW,Automobiles Manufacturing,Consumer Discretionary,5.777060182776209,DE,874425000.0,3.75,2032-12-10,EMTN,A-,AT MATURITY,EUR,XS3249928394,6.72963723477071,3.887,3.576,3.808,3.812,3.538,4.035,3.748,4.024508956577542,3.545,3.737,3.494,3.609,7,2.5849931553730325,143.9515801204509
Toyota Motor Finance Netherlands BV,TOYOTA,Automobiles Manufacturing,Consumer Discretionary,2.586298910230125,JP,352650000.0,2.625,2028-12-11,#N/A Field Not Applicable,A+,AT MATURITY,EUR,XS3248260849,2.73237508555784,2.903,2.692,2.742,,2.644,2.776,,2.7720022222736223,2.617,,2.573,,5,2.2602518822724162,51.175034000120604
JDE Peet's NV,JDEPNA,Food & Beverage,Consumer Staples,0.2348605334911281,NL,705300000.0,2.778,2027-12-11,EMTN,BBB-,AT MATURITY,EUR,XS3248357926,1.73032169746749,2.652,2.566,2.619,2.623,2.569,2.753,2.637,2.762147239045471,2.584,2.616,2.573,2.606,10,2.176425735797399,58.572150324807204
Transcom Holding AB,TRNSCM,Software & Services,Technology,0.032235293161398226,SE,378523700.0,8.157,2030-01-31,REGS,CCC+,AT MATURITY,EUR,XS3241216418,3.87132101300479,,10.115,11.758,9.67,10.438,,9.69,11.898179610379088,11.599,9.559,11.584,9.98,17,2.360547570157426,953.7632040221663
Volvo Treasury AB,VLVY,Transportation & Logistics,Industrials,0.06099783776318656,SE,348960000.0,2.372,2028-01-09,EMTN,A,AT MATURITY,EUR,XS3267889965,1.80971937029432,,2.335,2.387,2.354,2.343,2.512,2.375,2.5146440221151694,2.366,2.379,2.356,2.369,6,2.1827775496235455,33.186647249162384
Mercedes-Benz Finance Canada Inc,MBGGR,Automobiles Manufacturing,Consumer Discretionary,0.07480759670242938,DE,582350000.0,2.28,2028-01-14,EMTN,A,AT MATURITY,EUR,XS3271067590,1.82340862422998,,,2.364,,,,,2.4681167997044926,,,,,6,2.1838726899383984,28.424410976609416
Ayvens SA,AYVFP,Retail - Consumer Discretionary,Consumer Discretionary,3.7597048385284895,FR,873450000.0,3.0,2030-04-18,#N/A Field Not Applicable,A-,AT MATURITY,EUR,FR0014015J87,4.08213552361396,,3.016,3.195,,2.948,3.331,3.079,3.3135984086529815,2.945,3.11,2.871,3.019,7,2.3787351129363445,93.4863295716637
Toyota Motor Credit Corp,TOYOTA,Automobiles Manufacturing,Consumer Discretionary,5.415377155450324,US,938560000.0,3.125,2032-04-20,EMTN,A+,AT MATURITY,EUR,XS3274464794,6.08898015058179,,3.188,3.345,,3.136,3.525,3.232,3.504519289564312,3.134,3.281,3.063,3.208,5,2.5375845311430525,96.69347584212593
Hyundai Capital Services Inc,HYUCAP,Automobiles Manufacturing,Consumer Discretionary,2.681618334224051,KR,585150000.0,2.861,2029-01-21,GMTN,A-,AT MATURITY,EUR,XS3268973453,2.84462696783025,,2.773,2.984,,2.753,3.058,2.835,3.0591457793881967,2.755,2.848,2.734,2.784,7,2.2697932922655712,78.93524871226253
Caterpillar Financial Services Corp,CAT,Machinery Manufacturing,Industrials,0.1878841145374131,US,649440000.0,2.314,2028-02-25,EMTN,A,AT MATURITY,EUR,XS3300372029,1.93839835728953,,,,,,,,2.4799792544905475,,,,,6,2.1930718685831625,28.690738590738498
NTT Finance Corp,NTT,Wireline Telecommunications Services,Communications,0.2155428378285488,JP,697980000.0,2.346,2028-03-04,EMTN,A-,AT MATURITY,EUR,XS3296803557,1.96030116358658,,,2.352,,,2.47,,2.462563866955377,,,2.33,,7,2.1948240930869263,26.773977386845083
Electricite de France SA,EDF,Power Generation,Utilities,0.215555429623574,FR,581650000.0,2.356,2028-03-04,EMTN,BBB+,AT MATURITY,EUR,FR0014016LW1,1.96030116358658,,,2.354,,,2.47,,2.4683957901270395,,,,,8,2.1948240930869263,27.35716970401132
Fidelity National Information Services Inc,FIS,Consumer Finance,Financials,0.2320978560985178,US,582250000.0,2.899,2028-03-10,#N/A Field Not Applicable,BBB,AT MATURITY,EUR,XS3309699893,1.97672826830938,,,2.831,,,2.933,,2.931063750277046,,,,,9,2.19613826146475,73.49254888122955
Koninklijke Ahold Delhaize NV,ADNA,Supermarkets & Pharmacies,Consumer Staples,0.237587791111249,NL,345660000.0,2.488,2028-03-12,#N/A Field Not Applicable,BBB+,AT MATURITY,EUR,XS3308585242,1.98220396988364,,,2.393,,,2.493,,2.489669568576906,,,,,8,2.196576317590691,29.30932509862152
Experian Finance US Inc,EXPNLN,Software & Services,Technology,0.2483674259630902,US,343260000.0,2.5,2028-03-16,EMTN,A-,AT MATURITY,EUR,XS3317605874,1.99315537303217,,,,,,2.532,,2.5294417648879723,,,,,7,2.1974524298425737,33.198933504539866
Amazon.com Inc,AMZN,Retail - Consumer Discretionary,Consumer Discretionary,0.24852643217446,US,2002350000.0,2.5,2028-03-16,#N/A Field Not Applicable,AA-,AT MATURITY,EUR,XS3305167390,1.99315537303217,,,,,,2.488,,2.496931744332315,,,,,4,2.1974524298425737,29.947931448974117
Amazon.com Inc,AMZN,Retail - Consumer Discretionary,Consumer Discretionary,1.9130806109270169,US,1440250000.0,2.8,2028-03-16,.,AA-,AT MATURITY,EUR,XS3317524950,1.99315537303217,,,,,,2.866,,2.832821583942841,,,,,4,2.1974524298425737,63.53691541002671
Ford Motor Credit Co LLC,F,Automobiles Manufacturing,Consumer Discretionary,2.9304037591147374,US,887925000.0,3.305,2029-05-17,EMTN,BB+,AT MATURITY,EUR,XS3299544711,3.16221765913758,,,3.562,,,3.911,,3.9086079869929513,3.248,,3.217,,11,2.2974373716632446,161.11706153297067
Ford Motor Credit Co LLC,F,Automobiles Manufacturing,Consumer Discretionary,5.869579784862548,US,887925000.0,4.087,2033-02-17,EMTN,BB+,AT MATURITY,EUR,XS3299544802,6.91854893908282,,,4.269,,,4.541,,4.53394086036899,4.036,,3.99,,11,2.5989726214921287,193.4968238876861
BMW Finance NV,BMW,Automobiles Manufacturing,Consumer Discretionary,2.7028970703423294,DE,1198000000.0,2.625,2029-01-27,EMTN,A,AT MATURITY,EUR,XS3280518856,2.86105407255305,,2.624,2.918,,2.596,3.123,,3.088747039173656,2.607,2.754,2.568,2.63,6,2.271189596167009,81.75574430066467
BMW Finance NV,BMW,Automobiles Manufacturing,Consumer Discretionary,8.047658765632885,DE,778700000.0,3.75,2036-01-27,EMTN,A,AT MATURITY,EUR,XS3280519318,9.8590006844627,,3.725,3.836,,3.66,3.99,,3.9752138194696127,3.662,3.825,3.619,3.759,6,2.790681040383299,118.45327790863136
BMW Finance NV,BMW,Automobiles Manufacturing,Consumer Discretionary,5.2221608338943,DE,778700000.0,3.25,2032-01-27,EMTN,A,AT MATURITY,EUR,XS3280519078,5.8590006844627,,3.199,3.39,,3.145,3.548,,3.525361481726798,3.157,3.318,3.103,3.21,6,2.520143052703628,100.521842902317
BMW Finance NV,BMW,Automobiles Manufacturing,Consumer Discretionary,0.1162672218809254,DE,597800000.0,2.339,2028-01-29,EMTN,A,AT MATURITY,EUR,XS3282973455,1.86447638603696,,2.298,2.373,,2.302,2.494,,2.4984422739422096,2.329,,2.324,2.331,6,2.1871581108829568,31.12841630592529
Toyota Motor Finance Netherlands BV,TOYOTA,Automobiles Manufacturing,Consumer Discretionary,0.1135755740851903,JP,593600000.0,2.346,2028-01-28,EMTN,A+,AT MATURITY,EUR,XS3284417055,1.86173853524983,,2.336,2.385,,2.318,2.504,,2.484172895854503,2.341,,2.338,,5,2.186939082819986,29.72338130345169
International Business Machines Corp,IBM,Software & Services,Technology,0.1301970144716883,US,886200000.0,2.311,2028-02-03,#N/A Field Not Applicable,A-,AT MATURITY,EUR,XS3289845631,1.87816563997262,,2.248,2.31,,2.256,2.428,,2.424499724667071,2.285,,2.277,,7,2.1882532511978097,23.624647346926153
PepsiCo Inc,PEP,Food & Beverage,Consumer Staples,0.1494541021825507,US,594300000.0,2.212,2028-02-11,#N/A Field Not Applicable,A+,AT MATURITY,EUR,XS3291116369,1.90006844626968,,2.212,2.276,,2.221,2.385,,2.397579573009496,2.244,,2.236,,5,2.1900054757015743,20.757409730792187
Volvo Treasury AB,VLVY,Transportation & Logistics,Industrials,0.1685646975982373,SE,592400000.0,2.294,2028-02-16,EMTN,A,AT MATURITY,EUR,XS3295696754,1.91375770020534,,2.347,2.399,,2.333,2.531,,2.5307105658221296,2.352,,2.345,,6,2.1911006160164272,33.960994980570234
BMW Finance NV,BMW,Automobiles Manufacturing,Consumer Discretionary,0.09127537043713012,DE,349500000.0,2.333,2027-04-20,EMTN,A,AT MATURITY,EUR,XS3212399193,1.08692676249144,2.354,2.428,2.538,2.344,2.451,2.695,2.35,2.660776897049307,2.441,2.466,2.526,2.456,6,2.144827515400411,51.594938164889605
Toyota Motor Finance Netherlands BV,TOYOTA,Automobiles Manufacturing,Consumer Discretionary,3.588227054496073,JP,874725000.0,2.75,2030-01-28,EMTN,A+,AT MATURITY,EUR,XS3206563549,3.86310746064339,3.019,2.808,3.071,2.911,2.822,3.3,2.881,3.2878077379807435,2.823,2.893,2.773,2.86,5,2.3598165639972617,92.79911739834819
Procter & Gamble Co/The,PG,Consumer Products,Consumer Staples,6.6472298598296495,US,576350000.0,2.9,2033-11-03,#N/A Field Not Applicable,AA-,AT MATURITY,EUR,XS3222558705,7.62765229295003,3.247,3.151,3.223,3.177,3.074,3.373,3.165,3.3479582116343063,3.063,3.215,3.003,3.154,4,2.6495633127994522,69.83948988348541
Procter & Gamble Co/The,PG,Consumer Products,Consumer Staples,13.418730986278348,US,576350000.0,3.65,2045-11-03,#N/A Field Not Applicable,AA-,AT MATURITY,EUR,XS3222559265,19.62765229295,4.0,3.932,3.943,3.922,3.858,4.095,3.884,4.094738167031089,3.835,3.947,3.796,3.917,4,3.1012977412731,99.3440425757989
Pernod Ricard SA,RIFP,Food & Beverage,Consumer Staples,0.132517444743007,FR,229680000.0,2.322,2027-11-04,EMTN,BBB+,AT MATURITY,EUR,FR0014013XK8,1.6290212183436,2.425,2.319,2.11,2.253,2.335,1.967,2.347,1.3460013702196696,2.433,2.263,2.29,2.31,8,2.168321697467488,-82.23203272478183
PACCAR Financial Europe BV,PCAR,Transportation & Logistics,Industrials,2.5114387114622194,US,349530000.0,2.5,2028-11-13,EMTN,A+,AT MATURITY,EUR,XS3217498875,2.65571526351814,2.68,2.542,2.789,2.629,2.505,2.955,2.621,2.9089301352092525,2.523,2.631,2.464,2.543,5,2.2537357973990417,65.51943378102108
Traton Finance Luxembourg SA,TRAGR,Transportation & Logistics,Industrials,0.1383789388472891,DE,347400000.0,2.57,2027-05-07,EMTN,BBB,AT MATURITY,EUR,DE000A4EKSF2,1.13347022587269,2.608,2.531,2.581,2.587,2.54,2.688,2.584,2.6969114760313246,2.557,2.588,2.546,2.57,9,2.142593429158111,55.43180468732136
Ford Motor Credit Co LLC,F,Automobiles Manufacturing,Consumer Discretionary,5.418390725724354,US,711900000.0,4.448,2032-09-16,EMTN,BB+,AT MATURITY,EUR,XS3181972962,6.49691991786448,4.208,3.985,4.199,4.101,3.953,4.513,3.981,4.517581049857812,3.898,4.041,3.899,3.958,11,2.5677720739219714,194.98089759358405
Ford Motor Credit Co LLC,F,Automobiles Manufacturing,Consumer Discretionary,3.1597502438165708,US,711900000.0,3.778,2029-09-16,EMTN,BB+,AT MATURITY,EUR,XS3172177738,3.49623545516769,3.645,3.349,3.74,3.548,3.382,3.976,3.438,3.9538327202667127,3.362,3.449,3.342,3.349,11,2.3271649555099243,162.66677647567883
AT&T Inc,T,Wireless Telecommunications Services,Communications,0.2484451327055179,US,2669625000.0,2.5500000000000003,2027-09-16,#N/A Field Not Applicable,BBB,AT MATURITY,EUR,XS3181534937,1.49486652977413,2.364,2.319,2.385,2.357,2.322,2.518,2.357,2.5480217314729683,2.344,2.363,2.333,2.351,9,2.1575687885010266,39.04529429719417
Traton Finance Luxembourg SA,TRAGR,Transportation & Logistics,Industrials,0.2537752068707515,DE,589350000.0,2.757,2027-09-18,EMTN,BBB,AT MATURITY,EUR,DE000A4EG6N9,1.50034223134839,2.606,2.571,2.625,2.596,2.575,2.732,2.609,2.7544821754022424,2.593,2.622,2.579,2.605,9,2.158027378507871,59.64547968943714
Volkswagen Bank GmbH,VW,Automobiles Manufacturing,Consumer Discretionary,0.04163062218119655,DE,702900000.0,2.666,2028-10-02,EMTN,A-,AT MATURITY,EUR,XS3195126837,2.54072553045859,2.674,2.63,2.681,2.663,2.632,2.8,2.673,2.7987700835499023,2.654,2.67,2.646,2.662,7,2.24396167008898,55.480841346092234
Volkswagen Bank GmbH,VW,Automobiles Manufacturing,Consumer Discretionary,3.2525974731529246,DE,1054350000.0,3.125,2029-10-02,EMTN,A-,AT MATURITY,EUR,XS3195126084,3.54004106776181,3.222,3.01,3.268,3.144,2.989,3.435,3.082,3.402023269724739,3.003,3.095,2.947,2.989,7,2.331063655030801,107.09596146939377
Volkswagen Bank GmbH,VW,Automobiles Manufacturing,Consumer Discretionary,5.619381006902147,DE,585750000.0,3.625,2032-10-02,EMTN,A-,AT MATURITY,EUR,XS3195124204,6.54072553045859,3.818,3.529,3.735,3.748,3.482,3.96,3.7,3.9468787553376408,3.496,3.705,3.441,3.567,7,2.571013689253936,137.58650660837048
Caterpillar Financial Services Corp,CAT,Machinery Manufacturing,Industrials,2.28844389926526,US,703320000.0,2.521,2028-08-22,EMTN,A,AT MATURITY,EUR,XS3151775023,2.42847364818617,2.657,2.569,2.831,2.6,2.519,3.018,2.617,2.9719832621747746,2.526,2.647,2.48,2.581,6,2.2344202600958245,73.75630020789501
Volvo Treasury AB,VLVY,Transportation & Logistics,Industrials,0.1907906097654019,SE,582450000.0,2.391,2027-08-26,EMTN,A,AT MATURITY,EUR,XS3166255920,1.43737166324435,2.356,2.306,2.369,2.343,2.309,2.492,2.357,2.501899844759228,2.336,2.353,2.329,2.34,6,2.1527392197125255,34.91606250467028
East Japan Railway Co,EJRAIL,Travel & Lodging,Consumer Discretionary,8.967574279104312,JP,989740000.0,3.727,2037-09-02,EMTN,A+,AT MATURITY,EUR,XS3166221948,11.4579055441478,3.847,3.767,3.803,3.801,3.732,3.951,3.761,3.9638982619127168,3.701,3.805,3.666,3.767,5,2.87689527720739,108.70029847053266
Volkswagen International Finance NV,VW,Automobiles Manufacturing,Consumer Discretionary,7.509105519537424,DE,582200000.0,4.125,2035-09-02,EMTN,BBB+,AT MATURITY,EUR,XS3171593661,9.45653661875428,4.175,3.933,4.114,4.078,3.907,4.368,4.001,4.353599345446943,3.895,4.011,3.865,3.928,8,2.7669356605065025,158.66636849404406
Danone SA,BNFP,Food & Beverage,Consumer Staples,0.2266295905065317,FR,939280000.0,2.316,2027-09-08,EMTN,BBB+,AT MATURITY,EUR,FR00140127V8,1.47296372347707,2.25,2.21,2.277,2.238,2.215,2.402,2.25,2.3999430034770524,2.24,2.255,2.231,2.244,8,2.155728952772074,24.421405070497837
John Deere Capital Corp,DE,Machinery Manufacturing,Industrials,2.3417409993516207,US,586850000.0,2.5,2028-09-11,EMTN,A,AT MATURITY,EUR,XS3176776857,2.48323066392882,2.665,2.557,2.772,2.571,2.515,3.039,2.56,2.991662441808611,2.51,2.544,2.457,2.534,6,2.2390746064339497,75.25878353746612
Volvo Treasury AB,VLVY,Transportation & Logistics,Industrials,3.4423481127852438,SE,117060000.0,2.909,2029-12-10,EMTN,A,AT MATURITY,EUR,XS3178111798,3.72895277207392,3.309,3.098,3.355,3.256,3.058,3.528,3.245,3.5039584778676347,3.065,3.264,3.021,3.169,6,2.3478767967145786,115.6081681153056
BMW Finance NV,BMW,Automobiles Manufacturing,Consumer Discretionary,0.2346865520445376,DE,586850000.0,2.408,2027-09-11,EMTN,A,AT MATURITY,EUR,XS3178628494,1.48117727583847,2.327,2.288,2.342,2.316,2.291,2.479,2.325,2.487846115004903,2.309,2.326,2.295,2.318,6,2.1564188911704316,33.14272238344715
